entropy_grad_log_std,entropy_proxy,fixed_std,grad_ratio_log_std_to_actor_mean,latent_std_ask,latent_std_bid,latent_std_hedge,log_std_ask,log_std_bid,log_std_hedge,mean_abs_grad_actor_mean,mean_abs_grad_log_std,mean_grad_log_std_ask,mean_grad_log_std_bid,mean_grad_log_std_hedge,scenario,seed,std_setting,step
-0.003,4.256909644603729,,3.32794193474272,0.9998956918716431,1.0007833242416382,0.9994553923606873,-0.00010428929817862809,0.0007830676040612161,-0.0005447307485155761,0.01798730435721992,0.059860704466700554,0.007789681665599346,-0.032537415623664856,0.019795682281255722,random,0,learned,1024
-0.003,4.256514465808868,,3.3346762011792053,0.9981682300567627,1.0017051696777344,0.999401867389679,-0.0018334711203351617,0.001703682355582714,-0.0005983224837109447,0.019108689835732356,0.06372129323426634,0.07601670175790787,-0.031742144376039505,0.0010800367454066873,random,0,learned,2048
-0.003,4.256439340114594,,4.067388772822534,0.9980862140655518,1.0022521018981934,0.9997471570968628,-0.0019156079506501555,0.002249510493129492,-0.0002528805343899876,0.013028392978568216,0.05299153933301568,-0.01061074249446392,-0.008688687346875668,-0.008749510161578655,random,0,learned,3072
-0.003,4.256835675239563,,3.0548236787008536,0.9982653856277466,1.0017952919006348,0.99977046251297,-0.0017361018108204007,0.0017937306547537446,-0.00022954694577492774,0.022308339945846342,0.06814804510213435,-0.022850779816508293,0.0752597451210022,0.007441387977451086,random,0,learned,4096
-0.003,4.256550800800324,,1.9698048300349387,0.9982227087020874,1.001757264137268,0.9996980428695679,-0.001778854290023446,0.0017557560931891203,-0.00030197357409633696,0.03401343390495358,0.06699982639402151,0.03228219226002693,-0.027226397767663002,0.015159659087657928,random,0,learned,5120
-0.003,4.256296241283417,,3.743969427230148,0.9976842999458313,1.0017931461334229,0.9996734857559204,-0.0023183890152722597,0.0017915733624249697,-0.0003265771083533764,0.01814659528407702,0.06794029795564711,0.06333541870117188,-0.0054362257942557335,0.004270124714821577,random,0,learned,6144
-0.003,4.2554266333580015,,5.432028476873966,0.9975382089614868,1.0019136667251587,0.9984601736068726,-0.002464854624122381,0.0019118908094242215,-0.0015410409541800618,0.012103163496978899,0.0657447287812829,0.000824413844384253,-0.002081339480355382,0.05458298325538635,random,0,learned,7168
-0.003,4.254944694042206,,5.261393976702884,0.9967330694198608,1.001348614692688,1.0001778602600098,-0.003272293834015727,0.001347703393548727,0.0001779015437932685,0.014910741615315703,0.07845128612825647,0.03982848301529884,0.017717761918902397,-0.08355197310447693,random,0,learned,8192
-0.003,4.253016483783722,,5.223170663987316,0.9941229224205017,1.000602126121521,0.9990129470825195,-0.005894419737160206,0.000601976877078414,-0.0009875227697193623,0.011729599895552478,0.06126570207998157,0.05000591278076172,0.013989252038300037,0.02624753676354885,random,0,learned,9216
-0.003,4.250142991542816,,4.871411365300951,0.9939358830451965,1.0009056329727173,0.9988878965377808,-0.006082579493522644,0.0009051712695509195,-0.0011127397883683443,0.013332152097025735,0.06494639725424349,-0.02541317604482174,-0.041460178792476654,-0.009650923311710358,random,0,learned,10240
-0.003,4.250640165805817,,6.067415442700487,0.9944068789482117,1.0006513595581055,0.9986898303031921,-0.005608808249235153,0.00065109838033095,-0.001311030238866806,0.010922903824119253,0.06627379534766079,-0.05194423347711563,0.04666317254304886,0.029180729761719704,random,0,learned,11264
-0.003,4.250579357147217,,4.8735489036159585,0.9944191575050354,1.0010124444961548,0.9984543323516846,-0.005596484988927841,0.0010119155049324036,-0.0015468666097149253,0.013007701839285329,0.06339367104228585,0.011458278633654118,-0.04947789013385773,0.023176193237304688,random,0,learned,12288
-0.003,4.250596117973328,,3.759932869153921,0.9938119649887085,1.0016016960144043,0.9986633658409119,-0.0062072486616671085,0.0016004708595573902,-0.001337524619884789,0.01626478406092111,0.061154496204108,0.021231744438409805,-0.0196965541690588,-0.012379972264170647,random,0,learned,13312
-0.003,4.250929069519043,,2.5522488911148997,0.9938437938690186,1.001301646232605,0.9988107085227966,-0.0061752148903906345,0.0013008448295295238,-0.001190000562928617,0.027187665875870664,0.06938969008624554,-0.015501762740314007,0.04630601406097412,-0.0016889901598915458,random,0,learned,14336
-0.003,4.250391554832459,,1.8853576812508994,0.993735671043396,1.0008255243301392,0.9985921382904053,-0.006284057628363371,0.000825187424197793,-0.0014088593889027834,0.03287124771373552,0.06197405937127769,0.029896017163991928,0.0507216639816761,0.04078597202897072,random,0,learned,15360
-0.003,4.248807668685913,,1.9802517728609212,0.9933632612228394,0.9990158081054688,0.9982693195343018,-0.006658837664872408,-0.0009846534812822938,-0.0017321913037449121,0.040065927502980644,0.07934062397107482,0.017123829573392868,0.08263940364122391,0.011498039588332176,random,0,learned,16384
-0.003,4.247079372406006,,1.5154400486113273,0.9934808015823364,0.998611330986023,0.9980909824371338,-0.006540555041283369,-0.0013896154705435038,-0.0019108268897980452,0.03924222352773184,0.05946923713199794,-0.018824946135282516,-0.009956291876733303,0.016342660412192345,random,0,learned,17408
-0.003,4.24598708152771,,1.0119805059318416,0.9929222464561462,0.996985673904419,0.9973631501197815,-0.007102922070771456,-0.0030188625678420067,-0.002640319522470236,0.05594823881234834,0.05661852702032775,-0.016337435692548752,0.015658792108297348,0.021927068009972572,random,0,learned,18432
-0.003,4.243638324737549,,1.3897089984223867,0.9930239319801331,0.9967468976974487,0.9969599843025208,-0.007000520825386047,-0.003258425509557128,-0.0030446259770542383,0.04693673067724987,0.06522839698009193,0.014624511823058128,-0.01025182195007801,-0.010574011132121086,random,0,learned,19456
-0.003,4.24352742433548,,1.3200316729435877,0.9930190443992615,0.9967822432518005,0.9969732165336609,-0.007005429361015558,-0.0032229474745690823,-0.0030313616152852774,0.04993236191249446,0.06591229923069478,0.003120262175798416,-0.05510248988866806,-0.026781996712088585,random,0,learned,20480
-0.003,4.25803040266037,,4.359952805769986,1.0006804466247559,1.000691294670105,1.000581979751587,0.0006802711868658662,0.0006909993244335055,0.0005817980854772031,0.0151816952732016,0.0661914749071002,-0.025492316111922264,-0.02213389426469803,-0.011585901491343975,random,1,learned,1024
-0.003,4.25889105796814,,3.229719345688554,1.0008509159088135,1.0007989406585693,1.000489592552185,0.0008505121804773808,0.0007986316340975463,0.0004894454614259303,0.017625993511116496,0.05692701223306358,-0.034500982612371445,-0.03531869128346443,0.026474803686141968,random,1,learned,2048
-0.003,4.2590593814849855,,3.240820405378988,1.001097559928894,1.0007202625274658,1.0005273818969727,0.0010969866998493671,0.0007200581603683531,0.0005272094858810306,0.017934744865253045,0.05812328712781891,-0.03272770345211029,0.020129449665546417,-0.006677085999399424,random,1,learned,3072
-0.003,4.259189856052399,,1.5739611537595841,1.0011063814163208,1.0006587505340576,1.000583529472351,0.0011057363590225577,0.0006585157243534923,0.0005833348841406405,0.03683002687792563,0.057969031599350275,0.017889495939016342,0.030793562531471252,-0.014142696745693684,random,1,learned,4096
-0.003,4.259226846694946,,2.301226492055955,1.0010806322097778,1.0007853507995605,1.00066077709198,0.0010800411691889167,0.0007850931724533439,0.0006605733651667833,0.02816105537604536,0.06480496667791158,0.006800208240747452,-0.08551980555057526,-0.03200832009315491,random,1,learned,5120
-0.003,4.259265303611755,,1.930664327242657,1.0004359483718872,1.0006824731826782,1.0011061429977417,0.0004358830919954926,0.0006822504219599068,0.0011055154027417302,0.03645559699949839,0.07038352065719664,0.06318642199039459,0.01713499426841736,-0.03653426095843315,random,1,learned,6144
-0.003,4.258902299404144,,1.546900287956124,1.0003247261047363,1.0007312297821045,1.0009745359420776,0.00032472528982907534,0.0007309388020075858,0.0009740305249579251,0.042296937481776826,0.06542914477176964,-0.01455642282962799,-0.016340769827365875,0.029909303411841393,random,1,learned,7168
-0.003,4.258914005756378,,2.2246083258941107,1.0007244348526,1.0006647109985352,1.0008111000061035,0.000724162207916379,0.0006644429522566497,0.0008108135079964995,0.0354119300373604,0.07877767439931631,-0.08784955739974976,0.03955359756946564,0.022947611287236214,random,1,learned,8192
-0.003,4.2589465260505674,,1.934068032030482,1.0007940530776978,1.0004124641418457,1.0007221698760986,0.0007937208865769207,0.00041242409497499466,0.0007219498511403799,0.030939321709982807,0.05983875305391848,0.007357239723205566,0.04625614359974861,0.009522980079054832,random,1,learned,9216
-0.003,4.2587353706359865,,2.4407284890373346,1.0006823539733887,1.000352144241333,1.0009567737579346,0.0006820872076787055,0.0003520816972013563,0.0009562807972542942,0.028057868953373876,0.06848164009861649,0.025132348760962486,-0.0018806016305461526,-0.07709722220897675,random,1,learned,10240
-0.003,4.258440589904785,,4.531127243969702,1.0008865594863892,0.9996345043182373,1.000638484954834,0.000886217225342989,-0.0003655793843790889,0.0006382435676641762,0.015345282602001914,0.06953142806887627,-0.01142070721834898,0.031745631247758865,0.012235467322170734,random,1,learned,11264
-0.003,4.257933616638184,,2.9916301336170323,1.0011119842529297,0.9993765354156494,1.0006176233291626,0.0011113539803773165,-0.0006236726185306907,0.0006174774607643485,0.01914410203509274,0.057272072532214224,-0.04003347083926201,0.024941211566329002,0.010099264793097973,random,1,learned,12288
-0.003,4.257746183872223,,3.131950005985062,1.001062273979187,0.9995130896568298,1.000030517578125,0.001061663031578064,-0.00048703415086492896,3.0508917916449718e-05,0.021351211212440147,0.06687092608772219,0.003914563450962305,-0.01295475848019123,0.04079867899417877,random,1,learned,13312
-0.003,4.2572107195854185,,2.9220925404740674,1.0007327795028687,0.9994413256645203,1.0000462532043457,0.0007324768812395632,-0.0005588129861280322,4.6245499106589705e-05,0.021658968864112664,0.06328951135510578,0.04371541365981102,0.021658185869455338,-0.02714364603161812,random,1,learned,14336
-0.003,4.257034981250763,,2.1084362489319632,1.0009535551071167,0.9992238283157349,1.0001106262207031,0.0009530741954222322,-0.0007765007321722806,0.00011062280100304633,0.03303703851128135,0.0696564895566553,-0.05318938568234444,0.04496083781123161,-0.010408838279545307,random,1,learned,15360
-0.003,4.257132256031037,,2.2788558049730008,1.0010141134262085,0.9991001486778259,1.0002057552337646,0.001013566623441875,-0.0009002827573567629,0.00020573640358634293,0.029057600695021384,0.06621808202471584,0.0022311233915388584,0.029417896643280983,-0.022167807444930077,random,1,learned,16384
-0.003,4.257160079479218,,1.7641696864996839,1.001073956489563,0.9991168975830078,1.000194787979126,0.0010733767412602901,-0.0008835142944008112,0.0001948156423168257,0.030837441130931433,0.05440247885417193,-0.018547847867012024,-0.01740245521068573,0.01154831238090992,random,1,learned,17408
-0.003,4.257018613815307,,1.8319996712370787,1.0006743669509888,0.9989537000656128,1.0002937316894531,0.0006741281249560416,-0.0010468395194038749,0.0002937366080004722,0.04105992547735263,0.07522176997736096,0.07447801530361176,0.03597627207636833,-0.023270096629858017,random,1,learned,18432
-0.003,4.256584811210632,,1.8778011264002321,1.0005760192871094,0.9988958239555359,1.0001837015151978,0.00057580805150792,-0.0011047678999602795,0.00018370563338976353,0.0385821439334869,0.07244959333911538,-0.013834821991622448,0.009796487167477608,0.06398530304431915,random,1,learned,19456
-0.003,4.256407642364502,,1.5556500709585799,1.0005537271499634,0.9989995956420898,0.9999827742576599,0.000553547462914139,-0.0010008864337578416,-1.7231825040653348e-05,0.041661643431958016,0.06481093856273219,0.011726627126336098,-0.05081681162118912,0.059078019112348557,random,1,learned,20480
-0.003,4.256995189189911,,2.416927172922498,1.0008084774017334,0.9994184970855713,0.9996364116668701,0.000808125885669142,-0.0005816444754600525,-0.0003636687761172652,0.03129175702090606,0.07562989783473313,-0.024579111486673355,0.03316780924797058,0.02631382644176483,random,2,learned,1024
-0.003,4.255689060688018,,3.1025300436724526,0.9995883107185364,0.998835027217865,0.9991658926010132,-0.0004117604112252593,-0.0011656536953523755,-0.0008344457601197064,0.02514037440649334,0.07799876690842211,0.10203582048416138,0.03739950433373451,0.01783769205212593,random,2,learned,2048
-0.003,4.254305005073547,,2.9860861619344163,0.999890923500061,0.9979111552238464,1.000138521194458,-0.00010907158866757527,-0.0020910243038088083,0.0001385343202855438,0.018697888565149482,0.05583350630477071,-0.027711350470781326,0.026716750115156174,-0.04036686569452286,random,2,learned,3072
-0.003,4.255220365524292,,3.6493591971741903,1.000088095664978,0.9978357553482056,1.000817894935608,8.808144775684923e-05,-0.0021666069515049458,0.0008175596594810486,0.022037366693706557,0.08042226682882755,-0.0012342367554083467,-0.0020862880628556013,-0.10030684620141983,random,2,learned,4096
-0.003,4.25453873872757,,3.6614667985601743,0.9995458722114563,0.99671870470047,0.9996367692947388,-0.00045421801041811705,-0.003286710474640131,-0.0003632791340351105,0.017126292921361138,0.0627073529176414,0.0028014369308948517,0.03595556318759918,0.03436342254281044,random,2,learned,5120
-0.003,4.2518310189247135,,2.208208103827691,0.9997210502624512,0.995944619178772,0.9990848302841187,-0.0002789929567370564,-0.004063599742949009,-0.0009155848529189825,0.027056200404913584,0.05974572099512443,-0.009766767732799053,0.03439472243189812,-0.05014869570732117,random,2,learned,6144
-0.003,4.251425659656524,,1.8791767587444692,0.9991543889045715,0.9960576295852661,0.9991982579231262,-0.0008459704113192856,-0.003950144164264202,-0.0008020601817406714,0.03822287435772624,0.07182753714732826,0.09262558817863464,-0.028758171945810318,-0.024431265890598297,random,2,learned,7168
-0.003,4.250916254520416,,1.8803293850761078,0.9988134503364563,0.9958666563034058,0.9990506768226624,-0.001187252113595605,-0.004141912329941988,-0.0009497798164375126,0.03741533032228298,0.07035314505919814,0.021943312138319016,0.030445853248238564,0.034504689276218414,random,2,learned,8192
-0.003,4.24864354133606,,2.615075163140196,0.9973276257514954,0.9937487840652466,0.9984638094902039,-0.002675959374755621,-0.006270813290029764,-0.001537392265163362,0.028266643551474225,0.0739193974994123,0.029089367017149925,0.061148751527071,0.013553124852478504,random,2,learned,9216
-0.003,4.2456436395645145,,1.00551625517515,0.9967736601829529,0.9938010573387146,0.9980430006980896,-0.003231541020795703,-0.006218253634870052,-0.001958903856575489,0.054410519078615494,0.054710661387071015,0.01593286730349064,0.01673109456896782,-0.022633221000432968,random,2,learned,10240
-0.003,4.245101356506348,,2.289673973704006,0.9981532096862793,0.993012547492981,0.9966153502464294,-0.0018484930042177439,-0.0070119802840054035,-0.0033904057927429676,0.03225153077372027,0.07384549062699079,-0.05369863659143448,0.04141718149185181,0.08253119885921478,random,2,learned,11264
-0.003,4.24491548538208,,2.4236390474773826,0.9991034865379333,0.9931931495666504,0.9964834451675415,-0.0008969189948402345,-0.006830104626715183,-0.003522766288369894,0.02565682201661972,0.062182875676080586,-0.0237199105322361,0.00805809535086155,-0.022800937294960022,random,2,learned,12288
-0.003,4.245939934253693,,2.2985060244216386,0.9992496967315674,0.9930657744407654,0.9969263672828674,-0.0007506028050556779,-0.0069583929143846035,-0.0030783778056502342,0.02881149442917178,0.06622339352034032,0.041311196982860565,0.035290759056806564,-0.05086303502321243,random,2,learned,13312
-0.003,4.246108710765839,,1.6485717174368464,0.999153196811676,0.9930890798568726,0.9971545934677124,-0.0008471474866382778,-0.0069349403493106365,-0.002849442418664694,0.04005724914986809,0.06603724802844227,0.032523252069950104,-0.0048145754262804985,-0.07455906271934509,random,2,learned,14336
-0.003,4.246271324157715,,2.3600901186570544,0.9990359544754028,0.9932448863983154,0.997295618057251,-0.0009645185200497508,-0.0067780278623104095,-0.002708073239773512,0.03026767188765292,0.07143443333916366,0.03955771401524544,-0.03231522813439369,-0.02584264613687992,random,2,learned,15360
-0.003,4.2464210271835325,,1.6000426067087254,0.9990047216415405,0.9932798147201538,0.9973915815353394,-0.0009957647416740656,-0.0067428830079734325,-0.0026118066161870956,0.03943089638183186,0.06309111423324794,-0.0007733501261100173,0.008290980942547321,-0.05233843997120857,random,2,learned,16384
-0.003,4.246465063095092,,1.6587934190365476,0.9990285634994507,0.9932644367218018,0.9973693490028381,-0.0009719046065583825,-0.006758337374776602,-0.0026341413613408804,0.03948548609480242,0.06549826448317617,-0.03805280849337578,0.01269768737256527,0.04928667098283768,random,2,learned,17408
-0.003,4.246405279636383,,1.781265744326336,0.9990419745445251,0.9931831955909729,0.9973357319831848,-0.0009585022344253957,-0.006840145215392113,-0.002667820081114769,0.03932472743231673,0.0700477898819372,-0.012524950318038464,0.054634939879179,0.019089415669441223,random,2,learned,18432
-0.003,4.246314620971679,,1.6267442618411316,0.9990142583847046,0.993141770362854,0.9973486661911011,-0.0009862433653324842,-0.0068818493746221066,-0.002654872601851821,0.04126421264463361,0.06712632114067674,0.0599883571267128,0.019880471751093864,-0.029464563354849815,random,2,learned,19456
-0.003,4.2462817311286924,,1.251098568070339,0.999000072479248,0.993135392665863,0.9973489046096802,-0.001000420656055212,-0.006888259202241898,-0.0026546400040388107,0.04505569667986627,0.05636911760084331,0.0050519490614533424,-0.00011936640657950193,0.005688630975782871,random,2,learned,20480
-0.003,4.256168794631958,,2.414875922359157,0.998989462852478,1.0005990266799927,0.9993690252304077,-0.0010110520524904132,0.0005988760967738926,-0.0006311986362561584,0.019883162191019293,0.0480153696378693,0.029330331832170486,-0.02004201151430607,0.012549151666462421,random,3,learned,1024
-0.003,4.255987226963043,,2.288686953392489,0.9988274574279785,1.0008677244186401,0.9994958639144897,-0.001173243043012917,0.0008672963012941182,-0.0005042692646384239,0.026287589192235828,0.060164062422700226,0.0006124411011114717,-0.00795820914208889,0.002411218360066414,random,3,learned,2048
-0.003,4.256223690509796,,2.326791549222772,1.0000907182693481,0.9994133710861206,1.0001696348190308,9.073852561414242e-05,-0.0005868273437954485,0.00016967473493423313,0.026821349238814973,0.0624076887499541,-0.04218856245279312,0.044315043836832047,-0.024057433009147644,random,3,learned,3072
-0.003,4.2568737149238585,,2.1976690183728103,1.0010333061218262,0.9981841444969177,1.0011574029922485,0.0010327855125069618,-0.001817516633309424,0.0011567637557163835,0.023737057885239637,0.05216619670391083,-0.0220643263310194,0.03326985239982605,-0.03311159834265709,random,3,learned,4096
-0.003,4.258809912204742,,3.8570299244564823,1.0024681091308594,1.0001057386398315,1.0012555122375488,0.0024650117848068476,0.00010569780715741217,0.0012547568185254931,0.016488561212011504,0.06359687400981784,-0.039324622601270676,-0.07756327837705612,0.00579526973888278,random,3,learned,5120
-0.003,4.261243224143982,,2.8766364480143296,1.0024678707122803,1.0004585981369019,1.0015954971313477,0.002464854158461094,0.0004584996495395899,0.0015941973542794585,0.02749164016596035,0.07908345411997289,0.04207734018564224,0.0321749672293663,-0.032075461000204086,random,3,learned,6144
-0.003,4.261333072185517,,1.814064056463095,1.0028047561645508,1.0003554821014404,1.0012354850769043,0.0028008839581161737,0.0003554759605322033,0.0012346983421593904,0.036695238114388996,0.06656751250848174,-0.04529824107885361,0.009519282728433609,0.04594238102436066,random,3,learned,7168
-0.003,4.258825266361237,,2.3301094764935573,0.9992132186889648,1.0007351636886597,0.9994770288467407,-0.0007871185662224889,0.000734893255867064,-0.000523113296367228,0.038539289941965336,0.08980076471343637,0.11833032220602036,-0.010788001120090485,0.030798321589827538,random,3,learned,8192
-0.003,4.25558614730835,,1.7494079301388639,0.9984763264656067,1.0009013414382935,0.9991865158081055,-0.0015248112613335252,0.0009009666391648352,-0.0008138145203702152,0.038085087674794335,0.06662635440006852,-0.03637804090976715,0.022153355181217194,0.00496422266587615,random,3,learned,9216
-0.003,4.256510555744171,,1.7552271876497725,0.9986263513565063,1.001966953277588,1.0003998279571533,-0.0013745937030762434,0.001965013798326254,0.00039971055230125785,0.035204512461592306,0.06179191740229726,-0.010651873424649239,-0.03361370041966438,-0.04279358312487602,random,3,learned,10240
-0.003,4.2574483275413515,,1.476262046172113,0.9981809258460999,1.0015251636505127,0.9997628927230835,-0.001820714445784688,0.0015240013599395752,-0.00023714645067229867,0.04355365850765804,0.06429661302827298,0.03571119159460068,0.03136273846030235,0.042634595185518265,random,3,learned,11264
-0.003,4.257739758491516,,1.9333281251494798,1.0012037754058838,1.0014878511428833,1.0002284049987793,0.0012030835496261716,0.001486720284447074,0.0002284182992298156,0.039455745253958355,0.07628090200014412,-0.09385176748037338,-0.011496330611407757,0.0012610657140612602,random,3,learned,12288
-0.003,4.260568451881409,,2.0091473757792366,1.0019125938415527,1.0021995306015015,0.9999673962593079,0.0019107331754639745,0.00219708401709795,-3.2616244425298646e-05,0.031655683419298766,0.06360093327239155,0.008833164349198341,-0.04048103094100952,0.0386350154876709,random,3,learned,13312
-0.003,4.26019332408905,,2.696163991373756,1.0012305974960327,1.0010087490081787,1.0001380443572998,0.001229847432114184,0.001008186605758965,0.00013804853369947523,0.029677055660277684,0.08001420884393155,0.08686626702547073,0.0706256553530693,-0.028885195031762123,random,3,learned,14336
-0.003,4.258207738399506,,2.581444747477802,1.000178575515747,1.0006078481674194,0.9995359182357788,0.00017861378728412092,0.0006077222060412169,-0.0004642182611860335,0.02804501087582355,0.07239664602093399,0.06856752187013626,0.0038150008767843246,0.053665924817323685,random,3,learned,15360
-0.003,4.256446945667267,,2.4213548286982007,0.9993194341659546,1.0010972023010254,0.9986711740493774,-0.0006807955796830356,0.0010966354748234153,-0.0013297051191329956,0.04029873759073873,0.09757754285819828,0.07746627181768417,-0.0337417796254158,0.06061170622706413,random,3,learned,16384
-0.003,4.255749535560608,,1.5735490071999458,0.9990517497062683,1.0012505054473877,0.9985349178314209,-0.0009486785274930298,0.0012497237185016274,-0.001466128509491682,0.043243008440821865,0.06804499300196767,0.05089180916547775,0.018801022320985794,-0.013294840231537819,random,3,learned,17408
-0.003,4.255562686920166,,1.6309939987434259,0.9989644885063171,1.0011615753173828,0.998524010181427,-0.0010360179003328085,0.001160937361419201,-0.0014770819107070565,0.05086193709862545,0.08295551417395472,0.0446009524166584,0.028695229440927505,0.007046096958220005,random,3,learned,18432
-0.003,4.252469158172607,,1.5658462707687653,0.9971485137939453,0.999991238117218,0.9952363967895508,-0.0028555812314152718,-8.747367246542126e-06,-0.004775012843310833,0.04467714330128329,0.06995753822848201,0.01400735229253769,0.04125184193253517,0.04736269637942314,random,3,learned,19456
-0.003,4.2479715824127195,,1.6969196797328663,0.996638834476471,0.9994820952415466,0.9945852756500244,-0.003366821678355336,-0.0005180362495593727,-0.005429440177977085,0.043442078352568796,0.07371771768666804,0.08484971523284912,0.022902850061655045,0.0316038653254509,random,3,learned,20480
-0.003,4.257419812679291,,2.299766380143696,1.0008490085601807,0.9996649026870728,1.000802993774414,0.000848707219120115,-0.0003351561608724296,0.0008026659488677979,0.02429061481622247,0.05586273930966854,-0.03796391561627388,0.005415153689682484,-0.019219812005758286,random,4,learned,1024
-0.003,4.258429956436157,,2.3127234605898384,1.0006457567214966,1.0013741254806519,0.9994973540306091,0.0006455631228163838,0.001373192062601447,-0.0005027565639466047,0.034339093340587365,0.0794168267864734,0.02230333536863327,-0.08040309697389603,0.06779834628105164,random,4,learned,2048
-0.003,4.257401978969574,,2.1337571714216725,0.9995384812355042,1.00163996219635,0.9980727434158325,-0.00046165456296876073,0.0016385902417823672,-0.001929132267832756,0.02779970087748789,0.05931781111285091,0.032094888389110565,0.00040087103843688965,0.03621808439493179,random,4,learned,3072
-0.003,4.254098653793335,,3.943601576399418,0.9972332715988159,0.9992133378982544,0.9988396167755127,-0.0027705656830221415,-0.0007869809633120894,-0.0011610459769144654,0.016961088923292882,0.06688777701929212,0.06215940788388252,0.07280649244785309,-0.012105018831789494,random,4,learned,4096
-0.003,4.25144647359848,,2.3867396411738118,0.9966931343078613,0.9987123608589172,0.9989900588989258,-0.0033123448956757784,-0.0012884807074442506,-0.0010104733519256115,0.02740689300027242,0.06541311796754598,-0.019557813182473183,-0.03565268963575363,0.04524886608123779,random,4,learned,5120
-0.003,4.251166236400604,,1.5031090024828757,0.9967799186706543,0.9986663460731506,0.9989017844200134,-0.0032252727542072535,-0.0013345596380531788,-0.0010987994028255343,0.04524255111093613,0.06800448587164283,-0.06084722280502319,0.04601418226957321,-0.0002609193616081029,random,4,learned,6144
-0.003,4.251116108894348,,1.3567309517225126,0.99678635597229,0.9986175894737244,0.9988279938697815,-0.0032188170589506626,-0.0013833572156727314,-0.0011726710945367813,0.0415645459896357,0.056391906039789316,0.0050371126271784306,0.0175298061221838,0.018019717186689377,random,4,learned,7168
-0.003,4.251070976257324,,2.062518145725017,0.9967638254165649,0.9987071752548218,0.9988672733306885,-0.0032414039596915245,-0.0012936309212818742,-0.0011333930306136608,0.04351641151114293,0.08975338838063181,0.036924462765455246,-0.12890520691871643,-0.042257294058799744,random,4,learned,8192
-0.003,4.251116454601288,,1.7173438682192685,0.9967197775840759,0.9986971020698547,0.9988051056861877,-0.0032855907920747995,-0.001303754630498588,-0.0011955955997109413,0.047363762976541324,0.0813398679252714,0.05442184954881668,0.06837581098079681,0.06272299587726593,random,4,learned,9216
-0.003,4.251252353191376,,2.4136033634278062,0.9969677329063416,0.9988946914672852,0.9989143013954163,-0.0030368976294994354,-0.001105938688851893,-0.0010862720664590597,0.02731882513847429,0.06593680824153125,-0.07451094686985016,-0.056723564863204956,-0.016388043761253357,random,4,learned,10240
-0.003,4.25151379108429,,3.4795099225343606,0.9969668388366699,0.9987286329269409,0.998680055141449,-0.0030377849470824003,-0.0012721794191747904,-0.001320837764069438,0.028342268041705886,0.09861720288172364,0.032160382717847824,0.07445885241031647,0.041171811521053314,random,4,learned,11264
-0.003,4.250904989242554,,3.4156921114216696,0.9968774914741516,0.9988999962806702,0.9980931878089905,-0.0031273793429136276,-0.0011006336426362395,-0.0019086322281509638,0.01838845914850632,0.06280931485816836,0.0043772002682089806,-0.02553100883960724,0.02667132392525673,random,4,learned,12288
-0.003,4.250637817382812,,2.185976098963115,0.9970054030418396,0.999043345451355,0.9977123141288757,-0.002999098738655448,-0.0009570840047672391,-0.0022903350181877613,0.0286753165244515,0.06268355655483901,-0.02244717814028263,-0.009175006300210953,0.018369389697909355,random,4,learned,13312
-0.003,4.2504923105239865,,3.175754699069036,0.997265100479126,0.9989240765571594,0.9973997473716736,-0.002738663461059332,-0.0010764816543087363,-0.002603613305836916,0.030277923525983873,0.09615525791887194,-0.11492731422185898,0.06275907158851624,0.06427361816167831,random,4,learned,14336
-0.003,4.2503478050231935,,2.4758348244304558,0.9973065853118896,0.9988350868225098,0.9973576068878174,-0.0026970349717885256,-0.0011656107380986214,-0.0026458806823939085,0.026858973549014554,0.06649838206358254,0.0224362313747406,0.04503544420003891,-0.01173639390617609,random,4,learned,15360
-0.003,4.2503487944602965,,1.728066170714357,0.9973106384277344,0.9986773729324341,0.9976257085800171,-0.0026929567102342844,-0.0013235046062618494,-0.0023770981933921576,0.029924556764685844,0.051711614220403136,-0.01050625555217266,0.046453580260276794,-0.0493771955370903,random,4,learned,16384
-0.003,4.250425136089325,,2.064203693123723,0.9972584843635559,0.9986217021942139,0.9976596236228943,-0.00274530122987926,-0.0013792485697194934,-0.0023431277368217707,0.03127792752112338,0.0645640135044232,0.03747604414820671,0.01281019113957882,0.005293147638440132,random,4,learned,17408
-0.003,4.250268495082855,,2.8151274633649623,0.997128427028656,0.9987374544143677,0.9975053071975708,-0.002875678241252899,-0.0012633230071514845,-0.0024977880530059338,0.027089060584853865,0.07625915841199457,0.05037780851125717,-0.059654124081134796,0.03705231472849846,random,4,learned,18432
-0.003,4.250231993198395,,2.479762995052281,0.9973026514053345,0.9983764886856079,0.9978789687156677,-0.0027009842451661825,-0.0016248472966253757,-0.002123260870575905,0.02712070634262455,0.06725292399059982,-0.03269977122545242,0.0661003515124321,-0.039572037756443024,random,4,learned,19456
-0.003,4.250614476203919,,2.1540364600320925,0.9974400401115417,0.9983431100845337,0.9982380867004395,-0.002563247224316001,-0.0016582474345341325,-0.0017634768737480044,0.026171860607382004,0.05637514197733253,-0.023391321301460266,-0.01821134425699711,-0.020300421863794327,random,4,learned,20480
0.0,4.256815433502197,1.0,0.0,1.0,1.0,1.0,0.0,0.0,0.0,0.0179616463620665,0.0,0.0,0.0,0.0,random,0,1.0,1024
0.0,4.256815433502197,1.0,0.0,1.0,1.0,1.0,0.0,0.0,0.0,0.019050624506154256,0.0,0.0,0.0,0.0,random,0,1.0,2048
0.0,4.256815433502197,1.0,0.0,1.0,1.0,1.0,0.0,0.0,0.0,0.012951177639111239,0.0,0.0,0.0,0.0,random,0,1.0,3072
0.0,4.256815433502197,1.0,0.0,1.0,1.0,1.0,0.0,0.0,0.0,0.022291375580938334,0.0,0.0,0.0,0.0,random,0,1.0,4096
0.0,4.256815433502197,1.0,0.0,1.0,1.0,1.0,0.0,0.0,0.0,0.03407908830714403,0.0,0.0,0.0,0.0,random,0,1.0,5120
0.0,4.256815433502197,1.0,0.0,1.0,1.0,1.0,0.0,0.0,0.0,0.01806239640030976,0.0,0.0,0.0,0.0,random,0,1.0,6144
0.0,4.256815433502197,1.0,0.0,1.0,1.0,1.0,0.0,0.0,0.0,0.012096568532457186,0.0,0.0,0.0,0.0,random,0,1.0,7168
0.0,4.256815433502197,1.0,0.0,1.0,1.0,1.0,0.0,0.0,0.0,0.015058124901777575,0.0,0.0,0.0,0.0,random,0,1.0,8192
0.0,4.256815433502197,1.0,0.0,1.0,1.0,1.0,0.0,0.0,0.0,0.011627860232250313,0.0,0.0,0.0,0.0,random,0,1.0,9216
0.0,4.256815433502197,1.0,0.0,1.0,1.0,1.0,0.0,0.0,0.0,0.013281360585194194,0.0,0.0,0.0,0.0,random,0,1.0,10240
0.0,4.256815433502197,1.0,0.0,1.0,1.0,1.0,0.0,0.0,0.0,0.010899011780726501,0.0,0.0,0.0,0.0,random,0,1.0,11264
0.0,4.256815433502197,1.0,0.0,1.0,1.0,1.0,0.0,0.0,0.0,0.012975714934310947,0.0,0.0,0.0,0.0,random,0,1.0,12288
0.0,4.256815433502197,1.0,0.0,1.0,1.0,1.0,0.0,0.0,0.0,0.016765556532053708,0.0,0.0,0.0,0.0,random,0,1.0,13312
0.0,4.256815433502197,1.0,0.0,1.0,1.0,1.0,0.0,0.0,0.0,0.026614677193834313,0.0,0.0,0.0,0.0,random,0,1.0,14336
0.0,4.256815433502197,1.0,0.0,1.0,1.0,1.0,0.0,0.0,0.0,0.03323762267513923,0.0,0.0,0.0,0.0,random,0,1.0,15360
0.0,4.256815433502197,1.0,0.0,1.0,1.0,1.0,0.0,0.0,0.0,0.040569575184209686,0.0,0.0,0.0,0.0,random,0,1.0,16384
0.0,4.256815433502197,1.0,0.0,1.0,1.0,1.0,0.0,0.0,0.0,0.03931392456650077,0.0,0.0,0.0,0.0,random,0,1.0,17408
0.0,4.256815433502197,1.0,0.0,1.0,1.0,1.0,0.0,0.0,0.0,0.05810805471763787,0.0,0.0,0.0,0.0,random,0,1.0,18432
0.0,4.256815433502197,1.0,0.0,1.0,1.0,1.0,0.0,0.0,0.0,0.06382260118332123,0.0,0.0,0.0,0.0,random,0,1.0,19456
0.0,4.256815433502197,1.0,0.0,1.0,1.0,1.0,0.0,0.0,0.0,0.0491320928851029,0.0,0.0,0.0,0.0,random,0,1.0,20480
0.0,4.256815433502197,1.0,0.0,1.0,1.0,1.0,0.0,0.0,0.0,0.01514216468714168,0.0,0.0,0.0,0.0,random,1,1.0,1024
0.0,4.256815433502197,1.0,0.0,1.0,1.0,1.0,0.0,0.0,0.0,0.017655801786237844,0.0,0.0,0.0,0.0,random,1,1.0,2048
0.0,4.256815433502197,1.0,0.0,1.0,1.0,1.0,0.0,0.0,0.0,0.017955856000576965,0.0,0.0,0.0,0.0,random,1,1.0,3072
0.0,4.256815433502197,1.0,0.0,1.0,1.0,1.0,0.0,0.0,0.0,0.037241702631294685,0.0,0.0,0.0,0.0,random,1,1.0,4096
0.0,4.256815433502197,1.0,0.0,1.0,1.0,1.0,0.0,0.0,0.0,0.028172780225964218,0.0,0.0,0.0,0.0,random,1,1.0,5120
0.0,4.256815433502197,1.0,0.0,1.0,1.0,1.0,0.0,0.0,0.0,0.035518923448579896,0.0,0.0,0.0,0.0,random,1,1.0,6144
0.0,4.256815433502197,1.0,0.0,1.0,1.0,1.0,0.0,0.0,0.0,0.04203092022007754,0.0,0.0,0.0,0.0,random,1,1.0,7168
0.0,4.256815433502197,1.0,0.0,1.0,1.0,1.0,0.0,0.0,0.0,0.035127955683218325,0.0,0.0,0.0,0.0,random,1,1.0,8192
0.0,4.256815433502197,1.0,0.0,1.0,1.0,1.0,0.0,0.0,0.0,0.030640885529583068,0.0,0.0,0.0,0.0,random,1,1.0,9216
0.0,4.256815433502197,1.0,0.0,1.0,1.0,1.0,0.0,0.0,0.0,0.02798175732846747,0.0,0.0,0.0,0.0,random,1,1.0,10240
0.0,4.256815433502197,1.0,0.0,1.0,1.0,1.0,0.0,0.0,0.0,0.014186028313814585,0.0,0.0,0.0,0.0,random,1,1.0,11264
0.0,4.256815433502197,1.0,0.0,1.0,1.0,1.0,0.0,0.0,0.0,0.018584943745507534,0.0,0.0,0.0,0.0,random,1,1.0,12288
0.0,4.256815433502197,1.0,0.0,1.0,1.0,1.0,0.0,0.0,0.0,0.020621180230927995,0.0,0.0,0.0,0.0,random,1,1.0,13312
0.0,4.256815433502197,1.0,0.0,1.0,1.0,1.0,0.0,0.0,0.0,0.023487484925601695,0.0,0.0,0.0,0.0,random,1,1.0,14336
0.0,4.256815433502197,1.0,0.0,1.0,1.0,1.0,0.0,0.0,0.0,0.03336058322016522,0.0,0.0,0.0,0.0,random,1,1.0,15360
0.0,4.256815433502197,1.0,0.0,1.0,1.0,1.0,0.0,0.0,0.0,0.029159579883739063,0.0,0.0,0.0,0.0,random,1,1.0,16384
0.0,4.256815433502197,1.0,0.0,1.0,1.0,1.0,0.0,0.0,0.0,0.03084429308443527,0.0,0.0,0.0,0.0,random,1,1.0,17408
0.0,4.256815433502197,1.0,0.0,1.0,1.0,1.0,0.0,0.0,0.0,0.04063505715341458,0.0,0.0,0.0,0.0,random,1,1.0,18432
0.0,4.256815433502197,1.0,0.0,1.0,1.0,1.0,0.0,0.0,0.0,0.03995083915444161,0.0,0.0,0.0,0.0,random,1,1.0,19456
0.0,4.256815433502197,1.0,0.0,1.0,1.0,1.0,0.0,0.0,0.0,0.04070694074360835,0.0,0.0,0.0,0.0,random,1,1.0,20480
0.0,4.256815433502197,1.0,0.0,1.0,1.0,1.0,0.0,0.0,0.0,0.0312738739860023,0.0,0.0,0.0,0.0,random,2,1.0,1024
0.0,4.256815433502197,1.0,0.0,1.0,1.0,1.0,0.0,0.0,0.0,0.0250706637322893,0.0,0.0,0.0,0.0,random,2,1.0,2048
0.0,4.256815433502197,1.0,0.0,1.0,1.0,1.0,0.0,0.0,0.0,0.018590635174085733,0.0,0.0,0.0,0.0,random,2,1.0,3072
0.0,4.256815433502197,1.0,0.0,1.0,1.0,1.0,0.0,0.0,0.0,0.022024773862382007,0.0,0.0,0.0,0.0,random,2,1.0,4096
0.0,4.256815433502197,1.0,0.0,1.0,1.0,1.0,0.0,0.0,0.0,0.01705799919496328,0.0,0.0,0.0,0.0,random,2,1.0,5120
0.0,4.256815433502197,1.0,0.0,1.0,1.0,1.0,0.0,0.0,0.0,0.02733373084515043,0.0,0.0,0.0,0.0,random,2,1.0,6144
0.0,4.256815433502197,1.0,0.0,1.0,1.0,1.0,0.0,0.0,0.0,0.03865126946122034,0.0,0.0,0.0,0.0,random,2,1.0,7168
0.0,4.256815433502197,1.0,0.0,1.0,1.0,1.0,0.0,0.0,0.0,0.03755060928087348,0.0,0.0,0.0,0.0,random,2,1.0,8192
0.0,4.256815433502197,1.0,0.0,1.0,1.0,1.0,0.0,0.0,0.0,0.02811694586837976,0.0,0.0,0.0,0.0,random,2,1.0,9216
0.0,4.256815433502197,1.0,0.0,1.0,1.0,1.0,0.0,0.0,0.0,0.05572490991804695,0.0,0.0,0.0,0.0,random,2,1.0,10240
0.0,4.256815433502197,1.0,0.0,1.0,1.0,1.0,0.0,0.0,0.0,0.03236571845058569,0.0,0.0,0.0,0.0,random,2,1.0,11264
0.0,4.256815433502197,1.0,0.0,1.0,1.0,1.0,0.0,0.0,0.0,0.026211606856343734,0.0,0.0,0.0,0.0,random,2,1.0,12288
0.0,4.256815433502197,1.0,0.0,1.0,1.0,1.0,0.0,0.0,0.0,0.032783157655174436,0.0,0.0,0.0,0.0,random,2,1.0,13312
0.0,4.256815433502197,1.0,0.0,1.0,1.0,1.0,0.0,0.0,0.0,0.03635113978977091,0.0,0.0,0.0,0.0,random,2,1.0,14336
0.0,4.256815433502197,1.0,0.0,1.0,1.0,1.0,0.0,0.0,0.0,0.02224088388443206,0.0,0.0,0.0,0.0,random,2,1.0,15360
0.0,4.256815433502197,1.0,0.0,1.0,1.0,1.0,0.0,0.0,0.0,0.032917757880669835,0.0,0.0,0.0,0.0,random,2,1.0,16384
0.0,4.256815433502197,1.0,0.0,1.0,1.0,1.0,0.0,0.0,0.0,0.035533145164838964,0.0,0.0,0.0,0.0,random,2,1.0,17408
0.0,4.256815433502197,1.0,0.0,1.0,1.0,1.0,0.0,0.0,0.0,0.037692640875327255,0.0,0.0,0.0,0.0,random,2,1.0,18432
0.0,4.256815433502197,1.0,0.0,1.0,1.0,1.0,0.0,0.0,0.0,0.03721090802335785,0.0,0.0,0.0,0.0,random,2,1.0,19456
0.0,4.256815433502197,1.0,0.0,1.0,1.0,1.0,0.0,0.0,0.0,0.04582691428996864,0.0,0.0,0.0,0.0,random,2,1.0,20480
0.0,4.256815433502197,1.0,0.0,1.0,1.0,1.0,0.0,0.0,0.0,0.019839508735107307,0.0,0.0,0.0,0.0,random,3,1.0,1024
0.0,4.256815433502197,1.0,0.0,1.0,1.0,1.0,0.0,0.0,0.0,0.02617153246148976,0.0,0.0,0.0,0.0,random,3,1.0,2048
0.0,4.256815433502197,1.0,0.0,1.0,1.0,1.0,0.0,0.0,0.0,0.026709884270813063,0.0,0.0,0.0,0.0,random,3,1.0,3072
0.0,4.256815433502197,1.0,0.0,1.0,1.0,1.0,0.0,0.0,0.0,0.023784983733574704,0.0,0.0,0.0,0.0,random,3,1.0,4096
0.0,4.256815433502197,1.0,0.0,1.0,1.0,1.0,0.0,0.0,0.0,0.016082323146754472,0.0,0.0,0.0,0.0,random,3,1.0,5120
0.0,4.256815433502197,1.0,0.0,1.0,1.0,1.0,0.0,0.0,0.0,0.026573011584413254,0.0,0.0,0.0,0.0,random,3,1.0,6144
0.0,4.256815433502197,1.0,0.0,1.0,1.0,1.0,0.0,0.0,0.0,0.036817111198617636,0.0,0.0,0.0,0.0,random,3,1.0,7168
0.0,4.256815433502197,1.0,0.0,1.0,1.0,1.0,0.0,0.0,0.0,0.03913526539600197,0.0,0.0,0.0,0.0,random,3,1.0,8192
0.0,4.256815433502197,1.0,0.0,1.0,1.0,1.0,0.0,0.0,0.0,0.038194305569491556,0.0,0.0,0.0,0.0,random,3,1.0,9216
0.0,4.256815433502197,1.0,0.0,1.0,1.0,1.0,0.0,0.0,0.0,0.0345966791086643,0.0,0.0,0.0,0.0,random,3,1.0,10240
0.0,4.256815433502197,1.0,0.0,1.0,1.0,1.0,0.0,0.0,0.0,0.044130172395544794,0.0,0.0,0.0,0.0,random,3,1.0,11264
0.0,4.256815433502197,1.0,0.0,1.0,1.0,1.0,0.0,0.0,0.0,0.03807108157257587,0.0,0.0,0.0,0.0,random,3,1.0,12288
0.0,4.256815433502197,1.0,0.0,1.0,1.0,1.0,0.0,0.0,0.0,0.040033282199693335,0.0,0.0,0.0,0.0,random,3,1.0,13312
0.0,4.256815433502197,1.0,0.0,1.0,1.0,1.0,0.0,0.0,0.0,0.03360385626105135,0.0,0.0,0.0,0.0,random,3,1.0,14336
0.0,4.256815433502197,1.0,0.0,1.0,1.0,1.0,0.0,0.0,0.0,0.029105675586254064,0.0,0.0,0.0,0.0,random,3,1.0,15360
0.0,4.256815433502197,1.0,0.0,1.0,1.0,1.0,0.0,0.0,0.0,0.04403252125139096,0.0,0.0,0.0,0.0,random,3,1.0,16384
0.0,4.256815433502197,1.0,0.0,1.0,1.0,1.0,0.0,0.0,0.0,0.04513029768463857,0.0,0.0,0.0,0.0,random,3,1.0,17408
0.0,4.256815433502197,1.0,0.0,1.0,1.0,1.0,0.0,0.0,0.0,0.049431182710809006,0.0,0.0,0.0,0.0,random,3,1.0,18432
0.0,4.256815433502197,1.0,0.0,1.0,1.0,1.0,0.0,0.0,0.0,0.04475748143261528,0.0,0.0,0.0,0.0,random,3,1.0,19456
0.0,4.256815433502197,1.0,0.0,1.0,1.0,1.0,0.0,0.0,0.0,0.044850902712327737,0.0,0.0,0.0,0.0,random,3,1.0,20480
0.0,4.256815433502197,1.0,0.0,1.0,1.0,1.0,0.0,0.0,0.0,0.024343391224209233,0.0,0.0,0.0,0.0,random,4,1.0,1024
0.0,4.256815433502197,1.0,0.0,1.0,1.0,1.0,0.0,0.0,0.0,0.03475104186166894,0.0,0.0,0.0,0.0,random,4,1.0,2048
0.0,4.256815433502197,1.0,0.0,1.0,1.0,1.0,0.0,0.0,0.0,0.028511442659765806,0.0,0.0,0.0,0.0,random,4,1.0,3072
0.0,4.256815433502197,1.0,0.0,1.0,1.0,1.0,0.0,0.0,0.0,0.01755507795518233,0.0,0.0,0.0,0.0,random,4,1.0,4096
0.0,4.256815433502197,1.0,0.0,1.0,1.0,1.0,0.0,0.0,0.0,0.04211960832483284,0.0,0.0,0.0,0.0,random,4,1.0,5120
0.0,4.256815433502197,1.0,0.0,1.0,1.0,1.0,0.0,0.0,0.0,0.0440073523402272,0.0,0.0,0.0,0.0,random,4,1.0,6144
0.0,4.256815433502197,1.0,0.0,1.0,1.0,1.0,0.0,0.0,0.0,0.04010370989673168,0.0,0.0,0.0,0.0,random,4,1.0,7168
0.0,4.256815433502197,1.0,0.0,1.0,1.0,1.0,0.0,0.0,0.0,0.045476905454128934,0.0,0.0,0.0,0.0,random,4,1.0,8192
0.0,4.256815433502197,1.0,0.0,1.0,1.0,1.0,0.0,0.0,0.0,0.049952616480851954,0.0,0.0,0.0,0.0,random,4,1.0,9216
0.0,4.256815433502197,1.0,0.0,1.0,1.0,1.0,0.0,0.0,0.0,0.033455979265514205,0.0,0.0,0.0,0.0,random,4,1.0,10240
0.0,4.256815433502197,1.0,0.0,1.0,1.0,1.0,0.0,0.0,0.0,0.03046203952224686,0.0,0.0,0.0,0.0,random,4,1.0,11264
0.0,4.256815433502197,1.0,0.0,1.0,1.0,1.0,0.0,0.0,0.0,0.020471973696677682,0.0,0.0,0.0,0.0,random,4,1.0,12288
0.0,4.256815433502197,1.0,0.0,1.0,1.0,1.0,0.0,0.0,0.0,0.043087200850161364,0.0,0.0,0.0,0.0,random,4,1.0,13312
0.0,4.256815433502197,1.0,0.0,1.0,1.0,1.0,0.0,0.0,0.0,0.031731903661965315,0.0,0.0,0.0,0.0,random,4,1.0,14336
0.0,4.256815433502197,1.0,0.0,1.0,1.0,1.0,0.0,0.0,0.0,0.031225956763332917,0.0,0.0,0.0,0.0,random,4,1.0,15360
0.0,4.256815433502197,1.0,0.0,1.0,1.0,1.0,0.0,0.0,0.0,0.025398451102904774,0.0,0.0,0.0,0.0,random,4,1.0,16384
0.0,4.256815433502197,1.0,0.0,1.0,1.0,1.0,0.0,0.0,0.0,0.023256932700900835,0.0,0.0,0.0,0.0,random,4,1.0,17408
0.0,4.256815433502197,1.0,0.0,1.0,1.0,1.0,0.0,0.0,0.0,0.016228940376067286,0.0,0.0,0.0,0.0,random,4,1.0,18432
0.0,4.256815433502197,1.0,0.0,1.0,1.0,1.0,0.0,0.0,0.0,0.0200914261485758,0.0,0.0,0.0,0.0,random,4,1.0,19456
0.0,4.256815433502197,1.0,0.0,1.0,1.0,1.0,0.0,0.0,0.0,0.014427463559798615,0.0,0.0,0.0,0.0,random,4,1.0,20480
0.0,2.1773738861083984,0.5,0.0,0.5,0.5,0.5,-0.6931471824645996,-0.6931471824645996,-0.6931471824645996,0.05316044992625946,0.0,0.0,0.0,0.0,random,0,0.5,1024
0.0,2.1773738861083984,0.5,0.0,0.5,0.5,0.5,-0.6931471824645996,-0.6931471824645996,-0.6931471824645996,0.039968611416920305,0.0,0.0,0.0,0.0,random,0,0.5,2048
0.0,2.1773738861083984,0.5,0.0,0.5,0.5,0.5,-0.6931471824645996,-0.6931471824645996,-0.6931471824645996,0.049445496135948154,0.0,0.0,0.0,0.0,random,0,0.5,3072
0.0,2.1773738861083984,0.5,0.0,0.5,0.5,0.5,-0.6931471824645996,-0.6931471824645996,-0.6931471824645996,0.043112858844831604,0.0,0.0,0.0,0.0,random,0,0.5,4096
0.0,2.1773738861083984,0.5,0.0,0.5,0.5,0.5,-0.6931471824645996,-0.6931471824645996,-0.6931471824645996,0.06335174936883337,0.0,0.0,0.0,0.0,random,0,0.5,5120
0.0,2.1773738861083984,0.5,0.0,0.5,0.5,0.5,-0.6931471824645996,-0.6931471824645996,-0.6931471824645996,0.06309024732265181,0.0,0.0,0.0,0.0,random,0,0.5,6144
0.0,2.1773738861083984,0.5,0.0,0.5,0.5,0.5,-0.6931471824645996,-0.6931471824645996,-0.6931471824645996,0.05318222111471519,0.0,0.0,0.0,0.0,random,0,0.5,7168
0.0,2.1773738861083984,0.5,0.0,0.5,0.5,0.5,-0.6931471824645996,-0.6931471824645996,-0.6931471824645996,0.06415288833666946,0.0,0.0,0.0,0.0,random,0,0.5,8192
0.0,2.1773738861083984,0.5,0.0,0.5,0.5,0.5,-0.6931471824645996,-0.6931471824645996,-0.6931471824645996,0.043949596374205056,0.0,0.0,0.0,0.0,random,0,0.5,9216
0.0,2.1773738861083984,0.5,0.0,0.5,0.5,0.5,-0.6931471824645996,-0.6931471824645996,-0.6931471824645996,0.06143617125617005,0.0,0.0,0.0,0.0,random,0,0.5,10240
0.0,2.1773738861083984,0.5,0.0,0.5,0.5,0.5,-0.6931471824645996,-0.6931471824645996,-0.6931471824645996,0.06228912658989429,0.0,0.0,0.0,0.0,random,0,0.5,11264
0.0,2.1773738861083984,0.5,0.0,0.5,0.5,0.5,-0.6931471824645996,-0.6931471824645996,-0.6931471824645996,0.0739386581126045,0.0,0.0,0.0,0.0,random,0,0.5,12288
0.0,2.1773738861083984,0.5,0.0,0.5,0.5,0.5,-0.6931471824645996,-0.6931471824645996,-0.6931471824645996,0.08138704633910387,0.0,0.0,0.0,0.0,random,0,0.5,13312
0.0,2.1773738861083984,0.5,0.0,0.5,0.5,0.5,-0.6931471824645996,-0.6931471824645996,-0.6931471824645996,0.089068430205795,0.0,0.0,0.0,0.0,random,0,0.5,14336
0.0,2.1773738861083984,0.5,0.0,0.5,0.5,0.5,-0.6931471824645996,-0.6931471824645996,-0.6931471824645996,0.09532206605119695,0.0,0.0,0.0,0.0,random,0,0.5,15360
0.0,2.1773738861083984,0.5,0.0,0.5,0.5,0.5,-0.6931471824645996,-0.6931471824645996,-0.6931471824645996,0.1032842747136303,0.0,0.0,0.0,0.0,random,0,0.5,16384
0.0,2.1773738861083984,0.5,0.0,0.5,0.5,0.5,-0.6931471824645996,-0.6931471824645996,-0.6931471824645996,0.07258485470392322,0.0,0.0,0.0,0.0,random,0,0.5,17408
0.0,2.1773738861083984,0.5,0.0,0.5,0.5,0.5,-0.6931471824645996,-0.6931471824645996,-0.6931471824645996,0.12296382660026892,0.0,0.0,0.0,0.0,random,0,0.5,18432
0.0,2.1773738861083984,0.5,0.0,0.5,0.5,0.5,-0.6931471824645996,-0.6931471824645996,-0.6931471824645996,0.09221487944914286,0.0,0.0,0.0,0.0,random,0,0.5,19456
0.0,2.1773738861083984,0.5,0.0,0.5,0.5,0.5,-0.6931471824645996,-0.6931471824645996,-0.6931471824645996,0.09047602319077681,0.0,0.0,0.0,0.0,random,0,0.5,20480
0.0,2.1773738861083984,0.5,0.0,0.5,0.5,0.5,-0.6931471824645996,-0.6931471824645996,-0.6931471824645996,0.056038523222840406,0.0,0.0,0.0,0.0,random,1,0.5,1024
0.0,2.1773738861083984,0.5,0.0,0.5,0.5,0.5,-0.6931471824645996,-0.6931471824645996,-0.6931471824645996,0.08319208984312768,0.0,0.0,0.0,0.0,random,1,0.5,2048
0.0,2.1773738861083984,0.5,0.0,0.5,0.5,0.5,-0.6931471824645996,-0.6931471824645996,-0.6931471824645996,0.08003493224170381,0.0,0.0,0.0,0.0,random,1,0.5,3072
0.0,2.1773738861083984,0.5,0.0,0.5,0.5,0.5,-0.6931471824645996,-0.6931471824645996,-0.6931471824645996,0.07730893181895429,0.0,0.0,0.0,0.0,random,1,0.5,4096
0.0,2.1773738861083984,0.5,0.0,0.5,0.5,0.5,-0.6931471824645996,-0.6931471824645996,-0.6931471824645996,0.07865911318924176,0.0,0.0,0.0,0.0,random,1,0.5,5120
0.0,2.1773738861083984,0.5,0.0,0.5,0.5,0.5,-0.6931471824645996,-0.6931471824645996,-0.6931471824645996,0.08755523809020428,0.0,0.0,0.0,0.0,random,1,0.5,6144
0.0,2.1773738861083984,0.5,0.0,0.5,0.5,0.5,-0.6931471824645996,-0.6931471824645996,-0.6931471824645996,0.10038244176206654,0.0,0.0,0.0,0.0,random,1,0.5,7168
0.0,2.1773738861083984,0.5,0.0,0.5,0.5,0.5,-0.6931471824645996,-0.6931471824645996,-0.6931471824645996,0.08454193460589562,0.0,0.0,0.0,0.0,random,1,0.5,8192
0.0,2.1773738861083984,0.5,0.0,0.5,0.5,0.5,-0.6931471824645996,-0.6931471824645996,-0.6931471824645996,0.10411887277248673,0.0,0.0,0.0,0.0,random,1,0.5,9216
0.0,2.1773738861083984,0.5,0.0,0.5,0.5,0.5,-0.6931471824645996,-0.6931471824645996,-0.6931471824645996,0.14379864761753228,0.0,0.0,0.0,0.0,random,1,0.5,10240
0.0,2.1773738861083984,0.5,0.0,0.5,0.5,0.5,-0.6931471824645996,-0.6931471824645996,-0.6931471824645996,0.1045828942583944,0.0,0.0,0.0,0.0,random,1,0.5,11264
0.0,2.1773738861083984,0.5,0.0,0.5,0.5,0.5,-0.6931471824645996,-0.6931471824645996,-0.6931471824645996,0.08104080613569661,0.0,0.0,0.0,0.0,random,1,0.5,12288
0.0,2.1773738861083984,0.5,0.0,0.5,0.5,0.5,-0.6931471824645996,-0.6931471824645996,-0.6931471824645996,0.0921012629577274,0.0,0.0,0.0,0.0,random,1,0.5,13312
0.0,2.1773738861083984,0.5,0.0,0.5,0.5,0.5,-0.6931471824645996,-0.6931471824645996,-0.6931471824645996,0.10652897176411288,0.0,0.0,0.0,0.0,random,1,0.5,14336
0.0,2.1773738861083984,0.5,0.0,0.5,0.5,0.5,-0.6931471824645996,-0.6931471824645996,-0.6931471824645996,0.08900547891531511,0.0,0.0,0.0,0.0,random,1,0.5,15360
0.0,2.1773738861083984,0.5,0.0,0.5,0.5,0.5,-0.6931471824645996,-0.6931471824645996,-0.6931471824645996,0.08855523474456503,0.0,0.0,0.0,0.0,random,1,0.5,16384
0.0,2.1773738861083984,0.5,0.0,0.5,0.5,0.5,-0.6931471824645996,-0.6931471824645996,-0.6931471824645996,0.08921002023847321,0.0,0.0,0.0,0.0,random,1,0.5,17408
0.0,2.1773738861083984,0.5,0.0,0.5,0.5,0.5,-0.6931471824645996,-0.6931471824645996,-0.6931471824645996,0.114519868191723,0.0,0.0,0.0,0.0,random,1,0.5,18432
0.0,2.1773738861083984,0.5,0.0,0.5,0.5,0.5,-0.6931471824645996,-0.6931471824645996,-0.6931471824645996,0.0946432992617869,0.0,0.0,0.0,0.0,random,1,0.5,19456
0.0,2.1773738861083984,0.5,0.0,0.5,0.5,0.5,-0.6931471824645996,-0.6931471824645996,-0.6931471824645996,0.10562272930756963,0.0,0.0,0.0,0.0,random,1,0.5,20480
0.0,2.1773738861083984,0.5,0.0,0.5,0.5,0.5,-0.6931471824645996,-0.6931471824645996,-0.6931471824645996,0.07253549109066892,0.0,0.0,0.0,0.0,random,2,0.5,1024
0.0,2.1773738861083984,0.5,0.0,0.5,0.5,0.5,-0.6931471824645996,-0.6931471824645996,-0.6931471824645996,0.12911397494501334,0.0,0.0,0.0,0.0,random,2,0.5,2048
0.0,2.1773738861083984,0.5,0.0,0.5,0.5,0.5,-0.6931471824645996,-0.6931471824645996,-0.6931471824645996,0.06996042250514263,0.0,0.0,0.0,0.0,random,2,0.5,3072
0.0,2.1773738861083984,0.5,0.0,0.5,0.5,0.5,-0.6931471824645996,-0.6931471824645996,-0.6931471824645996,0.08669643543694464,0.0,0.0,0.0,0.0,random,2,0.5,4096
0.0,2.1773738861083984,0.5,0.0,0.5,0.5,0.5,-0.6931471824645996,-0.6931471824645996,-0.6931471824645996,0.08915657265457275,0.0,0.0,0.0,0.0,random,2,0.5,5120
0.0,2.1773738861083984,0.5,0.0,0.5,0.5,0.5,-0.6931471824645996,-0.6931471824645996,-0.6931471824645996,0.06910455314051142,0.0,0.0,0.0,0.0,random,2,0.5,6144
0.0,2.1773738861083984,0.5,0.0,0.5,0.5,0.5,-0.6931471824645996,-0.6931471824645996,-0.6931471824645996,0.084829711444415,0.0,0.0,0.0,0.0,random,2,0.5,7168
0.0,2.1773738861083984,0.5,0.0,0.5,0.5,0.5,-0.6931471824645996,-0.6931471824645996,-0.6931471824645996,0.08163429584943638,0.0,0.0,0.0,0.0,random,2,0.5,8192
0.0,2.1773738861083984,0.5,0.0,0.5,0.5,0.5,-0.6931471824645996,-0.6931471824645996,-0.6931471824645996,0.07693536709293472,0.0,0.0,0.0,0.0,random,2,0.5,9216
0.0,2.1773738861083984,0.5,0.0,0.5,0.5,0.5,-0.6931471824645996,-0.6931471824645996,-0.6931471824645996,0.07236882115746865,0.0,0.0,0.0,0.0,random,2,0.5,10240
0.0,2.1773738861083984,0.5,0.0,0.5,0.5,0.5,-0.6931471824645996,-0.6931471824645996,-0.6931471824645996,0.0957491676196282,0.0,0.0,0.0,0.0,random,2,0.5,11264
0.0,2.1773738861083984,0.5,0.0,0.5,0.5,0.5,-0.6931471824645996,-0.6931471824645996,-0.6931471824645996,0.09095784679548054,0.0,0.0,0.0,0.0,random,2,0.5,12288
0.0,2.1773738861083984,0.5,0.0,0.5,0.5,0.5,-0.6931471824645996,-0.6931471824645996,-0.6931471824645996,0.108033232980839,0.0,0.0,0.0,0.0,random,2,0.5,13312
0.0,2.1773738861083984,0.5,0.0,0.5,0.5,0.5,-0.6931471824645996,-0.6931471824645996,-0.6931471824645996,0.09935017296447674,0.0,0.0,0.0,0.0,random,2,0.5,14336
0.0,2.1773738861083984,0.5,0.0,0.5,0.5,0.5,-0.6931471824645996,-0.6931471824645996,-0.6931471824645996,0.0950244461784161,0.0,0.0,0.0,0.0,random,2,0.5,15360
0.0,2.1773738861083984,0.5,0.0,0.5,0.5,0.5,-0.6931471824645996,-0.6931471824645996,-0.6931471824645996,0.09017149890578521,0.0,0.0,0.0,0.0,random,2,0.5,16384
0.0,2.1773738861083984,0.5,0.0,0.5,0.5,0.5,-0.6931471824645996,-0.6931471824645996,-0.6931471824645996,0.09658057028367324,0.0,0.0,0.0,0.0,random,2,0.5,17408
0.0,2.1773738861083984,0.5,0.0,0.5,0.5,0.5,-0.6931471824645996,-0.6931471824645996,-0.6931471824645996,0.09793391202584914,0.0,0.0,0.0,0.0,random,2,0.5,18432
0.0,2.1773738861083984,0.5,0.0,0.5,0.5,0.5,-0.6931471824645996,-0.6931471824645996,-0.6931471824645996,0.08473911064153902,0.0,0.0,0.0,0.0,random,2,0.5,19456
0.0,2.1773738861083984,0.5,0.0,0.5,0.5,0.5,-0.6931471824645996,-0.6931471824645996,-0.6931471824645996,0.08898527531047508,0.0,0.0,0.0,0.0,random,2,0.5,20480
0.0,2.1773738861083984,0.5,0.0,0.5,0.5,0.5,-0.6931471824645996,-0.6931471824645996,-0.6931471824645996,0.05407491358704912,0.0,0.0,0.0,0.0,random,3,0.5,1024
0.0,2.1773738861083984,0.5,0.0,0.5,0.5,0.5,-0.6931471824645996,-0.6931471824645996,-0.6931471824645996,0.05497201826814779,0.0,0.0,0.0,0.0,random,3,0.5,2048
0.0,2.1773738861083984,0.5,0.0,0.5,0.5,0.5,-0.6931471824645996,-0.6931471824645996,-0.6931471824645996,0.057592081584413236,0.0,0.0,0.0,0.0,random,3,0.5,3072
0.0,2.1773738861083984,0.5,0.0,0.5,0.5,0.5,-0.6931471824645996,-0.6931471824645996,-0.6931471824645996,0.08271098540789036,0.0,0.0,0.0,0.0,random,3,0.5,4096
0.0,2.1773738861083984,0.5,0.0,0.5,0.5,0.5,-0.6931471824645996,-0.6931471824645996,-0.6931471824645996,0.07235992576023406,0.0,0.0,0.0,0.0,random,3,0.5,5120
0.0,2.1773738861083984,0.5,0.0,0.5,0.5,0.5,-0.6931471824645996,-0.6931471824645996,-0.6931471824645996,0.10237773738212004,0.0,0.0,0.0,0.0,random,3,0.5,6144
0.0,2.1773738861083984,0.5,0.0,0.5,0.5,0.5,-0.6931471824645996,-0.6931471824645996,-0.6931471824645996,0.09583711665408776,0.0,0.0,0.0,0.0,random,3,0.5,7168
0.0,2.1773738861083984,0.5,0.0,0.5,0.5,0.5,-0.6931471824645996,-0.6931471824645996,-0.6931471824645996,0.0983629995483504,0.0,0.0,0.0,0.0,random,3,0.5,8192
0.0,2.1773738861083984,0.5,0.0,0.5,0.5,0.5,-0.6931471824645996,-0.6931471824645996,-0.6931471824645996,0.07870160782378742,0.0,0.0,0.0,0.0,random,3,0.5,9216
0.0,2.1773738861083984,0.5,0.0,0.5,0.5,0.5,-0.6931471824645996,-0.6931471824645996,-0.6931471824645996,0.0714630210767325,0.0,0.0,0.0,0.0,random,3,0.5,10240
0.0,2.1773738861083984,0.5,0.0,0.5,0.5,0.5,-0.6931471824645996,-0.6931471824645996,-0.6931471824645996,0.09846554718423639,0.0,0.0,0.0,0.0,random,3,0.5,11264
0.0,2.1773738861083984,0.5,0.0,0.5,0.5,0.5,-0.6931471824645996,-0.6931471824645996,-0.6931471824645996,0.07870884403156361,0.0,0.0,0.0,0.0,random,3,0.5,12288
0.0,2.1773738861083984,0.5,0.0,0.5,0.5,0.5,-0.6931471824645996,-0.6931471824645996,-0.6931471824645996,0.10470167638639763,0.0,0.0,0.0,0.0,random,3,0.5,13312
0.0,2.1773738861083984,0.5,0.0,0.5,0.5,0.5,-0.6931471824645996,-0.6931471824645996,-0.6931471824645996,0.09481954830934217,0.0,0.0,0.0,0.0,random,3,0.5,14336
0.0,2.1773738861083984,0.5,0.0,0.5,0.5,0.5,-0.6931471824645996,-0.6931471824645996,-0.6931471824645996,0.08265854658633857,0.0,0.0,0.0,0.0,random,3,0.5,15360
0.0,2.1773738861083984,0.5,0.0,0.5,0.5,0.5,-0.6931471824645996,-0.6931471824645996,-0.6931471824645996,0.08345649849004975,0.0,0.0,0.0,0.0,random,3,0.5,16384
0.0,2.1773738861083984,0.5,0.0,0.5,0.5,0.5,-0.6931471824645996,-0.6931471824645996,-0.6931471824645996,0.09192674689468397,0.0,0.0,0.0,0.0,random,3,0.5,17408
0.0,2.1773738861083984,0.5,0.0,0.5,0.5,0.5,-0.6931471824645996,-0.6931471824645996,-0.6931471824645996,0.10861051378049313,0.0,0.0,0.0,0.0,random,3,0.5,18432
0.0,2.1773738861083984,0.5,0.0,0.5,0.5,0.5,-0.6931471824645996,-0.6931471824645996,-0.6931471824645996,0.08373126915466383,0.0,0.0,0.0,0.0,random,3,0.5,19456
0.0,2.1773738861083984,0.5,0.0,0.5,0.5,0.5,-0.6931471824645996,-0.6931471824645996,-0.6931471824645996,0.09736047077938509,0.0,0.0,0.0,0.0,random,3,0.5,20480
0.0,2.1773738861083984,0.5,0.0,0.5,0.5,0.5,-0.6931471824645996,-0.6931471824645996,-0.6931471824645996,0.05150906028547331,0.0,0.0,0.0,0.0,random,4,0.5,1024
0.0,2.1773738861083984,0.5,0.0,0.5,0.5,0.5,-0.6931471824645996,-0.6931471824645996,-0.6931471824645996,0.07545952376572537,0.0,0.0,0.0,0.0,random,4,0.5,2048
0.0,2.1773738861083984,0.5,0.0,0.5,0.5,0.5,-0.6931471824645996,-0.6931471824645996,-0.6931471824645996,0.06590349919122829,0.0,0.0,0.0,0.0,random,4,0.5,3072
0.0,2.1773738861083984,0.5,0.0,0.5,0.5,0.5,-0.6931471824645996,-0.6931471824645996,-0.6931471824645996,0.052137239923852885,0.0,0.0,0.0,0.0,random,4,0.5,4096
0.0,2.1773738861083984,0.5,0.0,0.5,0.5,0.5,-0.6931471824645996,-0.6931471824645996,-0.6931471824645996,0.04963292928385982,0.0,0.0,0.0,0.0,random,4,0.5,5120
0.0,2.1773738861083984,0.5,0.0,0.5,0.5,0.5,-0.6931471824645996,-0.6931471824645996,-0.6931471824645996,0.10802674555931187,0.0,0.0,0.0,0.0,random,4,0.5,6144
0.0,2.1773738861083984,0.5,0.0,0.5,0.5,0.5,-0.6931471824645996,-0.6931471824645996,-0.6931471824645996,0.07828735371111818,0.0,0.0,0.0,0.0,random,4,0.5,7168
0.0,2.1773738861083984,0.5,0.0,0.5,0.5,0.5,-0.6931471824645996,-0.6931471824645996,-0.6931471824645996,0.042382859746561946,0.0,0.0,0.0,0.0,random,4,0.5,8192
0.0,2.1773738861083984,0.5,0.0,0.5,0.5,0.5,-0.6931471824645996,-0.6931471824645996,-0.6931471824645996,0.1333706797382054,0.0,0.0,0.0,0.0,random,4,0.5,9216
0.0,2.1773738861083984,0.5,0.0,0.5,0.5,0.5,-0.6931471824645996,-0.6931471824645996,-0.6931471824645996,0.07800030537655071,0.0,0.0,0.0,0.0,random,4,0.5,10240
0.0,2.1773738861083984,0.5,0.0,0.5,0.5,0.5,-0.6931471824645996,-0.6931471824645996,-0.6931471824645996,0.07821539712081702,0.0,0.0,0.0,0.0,random,4,0.5,11264
0.0,2.1773738861083984,0.5,0.0,0.5,0.5,0.5,-0.6931471824645996,-0.6931471824645996,-0.6931471824645996,0.08096231051494793,0.0,0.0,0.0,0.0,random,4,0.5,12288
0.0,2.1773738861083984,0.5,0.0,0.5,0.5,0.5,-0.6931471824645996,-0.6931471824645996,-0.6931471824645996,0.098861864088381,0.0,0.0,0.0,0.0,random,4,0.5,13312
0.0,2.1773738861083984,0.5,0.0,0.5,0.5,0.5,-0.6931471824645996,-0.6931471824645996,-0.6931471824645996,0.10278673761182414,0.0,0.0,0.0,0.0,random,4,0.5,14336
0.0,2.1773738861083984,0.5,0.0,0.5,0.5,0.5,-0.6931471824645996,-0.6931471824645996,-0.6931471824645996,0.0749015340914928,0.0,0.0,0.0,0.0,random,4,0.5,15360
0.0,2.1773738861083984,0.5,0.0,0.5,0.5,0.5,-0.6931471824645996,-0.6931471824645996,-0.6931471824645996,0.09002846558777623,0.0,0.0,0.0,0.0,random,4,0.5,16384
0.0,2.1773738861083984,0.5,0.0,0.5,0.5,0.5,-0.6931471824645996,-0.6931471824645996,-0.6931471824645996,0.09363171788060556,0.0,0.0,0.0,0.0,random,4,0.5,17408
0.0,2.1773738861083984,0.5,0.0,0.5,0.5,0.5,-0.6931471824645996,-0.6931471824645996,-0.6931471824645996,0.08243215794949255,0.0,0.0,0.0,0.0,random,4,0.5,18432
0.0,2.1773738861083984,0.5,0.0,0.5,0.5,0.5,-0.6931471824645996,-0.6931471824645996,-0.6931471824645996,0.07914159735628487,0.0,0.0,0.0,0.0,random,4,0.5,19456
0.0,2.1773738861083984,0.5,0.0,0.5,0.5,0.5,-0.6931471824645996,-0.6931471824645996,-0.6931471824645996,0.08640773804923556,0.0,0.0,0.0,0.0,random,4,0.5,20480
0.0,-0.5714983344078064,0.2,0.0,0.19999998807907104,0.19999998807907104,0.19999998807907104,-1.6094379425048828,-1.6094379425048828,-1.6094379425048828,0.16172264447549284,0.0,0.0,0.0,0.0,random,0,0.2,1024
0.0,-0.5714983344078064,0.2,0.0,0.19999998807907104,0.19999998807907104,0.19999998807907104,-1.6094379425048828,-1.6094379425048828,-1.6094379425048828,0.12075830852629763,0.0,0.0,0.0,0.0,random,0,0.2,2048
0.0,-0.5714983344078064,0.2,0.0,0.19999998807907104,0.19999998807907104,0.19999998807907104,-1.6094379425048828,-1.6094379425048828,-1.6094379425048828,0.16100945672269154,0.0,0.0,0.0,0.0,random,0,0.2,3072
0.0,-0.5714983344078064,0.2,0.0,0.19999998807907104,0.19999998807907104,0.19999998807907104,-1.6094379425048828,-1.6094379425048828,-1.6094379425048828,0.1929236452867085,0.0,0.0,0.0,0.0,random,0,0.2,4096
0.0,-0.5714983344078064,0.2,0.0,0.19999998807907104,0.19999998807907104,0.19999998807907104,-1.6094379425048828,-1.6094379425048828,-1.6094379425048828,0.20750371798699002,0.0,0.0,0.0,0.0,random,0,0.2,5120
0.0,-0.5714983344078064,0.2,0.0,0.19999998807907104,0.19999998807907104,0.19999998807907104,-1.6094379425048828,-1.6094379425048828,-1.6094379425048828,0.23674212211668105,0.0,0.0,0.0,0.0,random,0,0.2,6144
0.0,-0.5714983344078064,0.2,0.0,0.19999998807907104,0.19999998807907104,0.19999998807907104,-1.6094379425048828,-1.6094379425048828,-1.6094379425048828,0.2204584641732401,0.0,0.0,0.0,0.0,random,0,0.2,7168
0.0,-0.5714983344078064,0.2,0.0,0.19999998807907104,0.19999998807907104,0.19999998807907104,-1.6094379425048828,-1.6094379425048828,-1.6094379425048828,0.253803016724193,0.0,0.0,0.0,0.0,random,0,0.2,8192
0.0,-0.5714983344078064,0.2,0.0,0.19999998807907104,0.19999998807907104,0.19999998807907104,-1.6094379425048828,-1.6094379425048828,-1.6094379425048828,0.19413335074836102,0.0,0.0,0.0,0.0,random,0,0.2,9216
0.0,-0.5714983344078064,0.2,0.0,0.19999998807907104,0.19999998807907104,0.19999998807907104,-1.6094379425048828,-1.6094379425048828,-1.6094379425048828,0.2515479039318676,0.0,0.0,0.0,0.0,random,0,0.2,10240
0.0,-0.5714983344078064,0.2,0.0,0.19999998807907104,0.19999998807907104,0.19999998807907104,-1.6094379425048828,-1.6094379425048828,-1.6094379425048828,0.21392100336834616,0.0,0.0,0.0,0.0,random,0,0.2,11264
0.0,-0.5714983344078064,0.2,0.0,0.19999998807907104,0.19999998807907104,0.19999998807907104,-1.6094379425048828,-1.6094379425048828,-1.6094379425048828,0.23026951550519342,0.0,0.0,0.0,0.0,random,0,0.2,12288
0.0,-0.5714983344078064,0.2,0.0,0.19999998807907104,0.19999998807907104,0.19999998807907104,-1.6094379425048828,-1.6094379425048828,-1.6094379425048828,0.21483265585356648,0.0,0.0,0.0,0.0,random,0,0.2,13312
0.0,-0.5714983344078064,0.2,0.0,0.19999998807907104,0.19999998807907104,0.19999998807907104,-1.6094379425048828,-1.6094379425048828,-1.6094379425048828,0.22163865864325202,0.0,0.0,0.0,0.0,random,0,0.2,14336
0.0,-0.5714983344078064,0.2,0.0,0.19999998807907104,0.19999998807907104,0.19999998807907104,-1.6094379425048828,-1.6094379425048828,-1.6094379425048828,0.23682004876251198,0.0,0.0,0.0,0.0,random,0,0.2,15360
0.0,-0.5714983344078064,0.2,0.0,0.19999998807907104,0.19999998807907104,0.19999998807907104,-1.6094379425048828,-1.6094379425048828,-1.6094379425048828,0.2737723257030263,0.0,0.0,0.0,0.0,random,0,0.2,16384
0.0,-0.5714983344078064,0.2,0.0,0.19999998807907104,0.19999998807907104,0.19999998807907104,-1.6094379425048828,-1.6094379425048828,-1.6094379425048828,0.2489345400979508,0.0,0.0,0.0,0.0,random,0,0.2,17408
0.0,-0.5714983344078064,0.2,0.0,0.19999998807907104,0.19999998807907104,0.19999998807907104,-1.6094379425048828,-1.6094379425048828,-1.6094379425048828,0.27302659927890305,0.0,0.0,0.0,0.0,random,0,0.2,18432
0.0,-0.5714983344078064,0.2,0.0,0.19999998807907104,0.19999998807907104,0.19999998807907104,-1.6094379425048828,-1.6094379425048828,-1.6094379425048828,0.2325104436328594,0.0,0.0,0.0,0.0,random,0,0.2,19456
0.0,-0.5714983344078064,0.2,0.0,0.19999998807907104,0.19999998807907104,0.19999998807907104,-1.6094379425048828,-1.6094379425048828,-1.6094379425048828,0.1936997483154679,0.0,0.0,0.0,0.0,random,0,0.2,20480
0.0,-0.5714983344078064,0.2,0.0,0.19999998807907104,0.19999998807907104,0.19999998807907104,-1.6094379425048828,-1.6094379425048828,-1.6094379425048828,0.1523277532526723,0.0,0.0,0.0,0.0,random,1,0.2,1024
0.0,-0.5714983344078064,0.2,0.0,0.19999998807907104,0.19999998807907104,0.19999998807907104,-1.6094379425048828,-1.6094379425048828,-1.6094379425048828,0.13416628560048907,0.0,0.0,0.0,0.0,random,1,0.2,2048
0.0,-0.5714983344078064,0.2,0.0,0.19999998807907104,0.19999998807907104,0.19999998807907104,-1.6094379425048828,-1.6094379425048828,-1.6094379425048828,0.19080541547383006,0.0,0.0,0.0,0.0,random,1,0.2,3072
0.0,-0.5714983344078064,0.2,0.0,0.19999998807907104,0.19999998807907104,0.19999998807907104,-1.6094379425048828,-1.6094379425048828,-1.6094379425048828,0.20742903264908627,0.0,0.0,0.0,0.0,random,1,0.2,4096
0.0,-0.5714983344078064,0.2,0.0,0.19999998807907104,0.19999998807907104,0.19999998807907104,-1.6094379425048828,-1.6094379425048828,-1.6094379425048828,0.23445728565922588,0.0,0.0,0.0,0.0,random,1,0.2,5120
0.0,-0.5714983344078064,0.2,0.0,0.19999998807907104,0.19999998807907104,0.19999998807907104,-1.6094379425048828,-1.6094379425048828,-1.6094379425048828,0.20958139705924675,0.0,0.0,0.0,0.0,random,1,0.2,6144
0.0,-0.5714983344078064,0.2,0.0,0.19999998807907104,0.19999998807907104,0.19999998807907104,-1.6094379425048828,-1.6094379425048828,-1.6094379425048828,0.24425905599378428,0.0,0.0,0.0,0.0,random,1,0.2,7168
0.0,-0.5714983344078064,0.2,0.0,0.19999998807907104,0.19999998807907104,0.19999998807907104,-1.6094379425048828,-1.6094379425048828,-1.6094379425048828,0.3389919880705121,0.0,0.0,0.0,0.0,random,1,0.2,8192
0.0,-0.5714983344078064,0.2,0.0,0.19999998807907104,0.19999998807907104,0.19999998807907104,-1.6094379425048828,-1.6094379425048828,-1.6094379425048828,0.2133270907953826,0.0,0.0,0.0,0.0,random,1,0.2,9216
0.0,-0.5714983344078064,0.2,0.0,0.19999998807907104,0.19999998807907104,0.19999998807907104,-1.6094379425048828,-1.6094379425048828,-1.6094379425048828,0.20363693658972756,0.0,0.0,0.0,0.0,random,1,0.2,10240
0.0,-0.5714983344078064,0.2,0.0,0.19999998807907104,0.19999998807907104,0.19999998807907104,-1.6094379425048828,-1.6094379425048828,-1.6094379425048828,0.24609096570595151,0.0,0.0,0.0,0.0,random,1,0.2,11264
0.0,-0.5714983344078064,0.2,0.0,0.19999998807907104,0.19999998807907104,0.19999998807907104,-1.6094379425048828,-1.6094379425048828,-1.6094379425048828,0.23330923859682295,0.0,0.0,0.0,0.0,random,1,0.2,12288
0.0,-0.5714983344078064,0.2,0.0,0.19999998807907104,0.19999998807907104,0.19999998807907104,-1.6094379425048828,-1.6094379425048828,-1.6094379425048828,0.21644402260828072,0.0,0.0,0.0,0.0,random,1,0.2,13312
0.0,-0.5714983344078064,0.2,0.0,0.19999998807907104,0.19999998807907104,0.19999998807907104,-1.6094379425048828,-1.6094379425048828,-1.6094379425048828,0.26910033554911383,0.0,0.0,0.0,0.0,random,1,0.2,14336
0.0,-0.5714983344078064,0.2,0.0,0.19999998807907104,0.19999998807907104,0.19999998807907104,-1.6094379425048828,-1.6094379425048828,-1.6094379425048828,0.2179243027429482,0.0,0.0,0.0,0.0,random,1,0.2,15360
0.0,-0.5714983344078064,0.2,0.0,0.19999998807907104,0.19999998807907104,0.19999998807907104,-1.6094379425048828,-1.6094379425048828,-1.6094379425048828,0.20983403761703254,0.0,0.0,0.0,0.0,random,1,0.2,16384
0.0,-0.5714983344078064,0.2,0.0,0.19999998807907104,0.19999998807907104,0.19999998807907104,-1.6094379425048828,-1.6094379425048828,-1.6094379425048828,0.21762194820497327,0.0,0.0,0.0,0.0,random,1,0.2,17408
0.0,-0.5714983344078064,0.2,0.0,0.19999998807907104,0.19999998807907104,0.19999998807907104,-1.6094379425048828,-1.6094379425048828,-1.6094379425048828,0.24076847674617427,0.0,0.0,0.0,0.0,random,1,0.2,18432
0.0,-0.5714983344078064,0.2,0.0,0.19999998807907104,0.19999998807907104,0.19999998807907104,-1.6094379425048828,-1.6094379425048828,-1.6094379425048828,0.22633016488011126,0.0,0.0,0.0,0.0,random,1,0.2,19456
0.0,-0.5714983344078064,0.2,0.0,0.19999998807907104,0.19999998807907104,0.19999998807907104,-1.6094379425048828,-1.6094379425048828,-1.6094379425048828,0.22449282375411958,0.0,0.0,0.0,0.0,random,1,0.2,20480
0.0,-0.5714983344078064,0.2,0.0,0.19999998807907104,0.19999998807907104,0.19999998807907104,-1.6094379425048828,-1.6094379425048828,-1.6094379425048828,0.232697023157557,0.0,0.0,0.0,0.0,random,2,0.2,1024
0.0,-0.5714983344078064,0.2,0.0,0.19999998807907104,0.19999998807907104,0.19999998807907104,-1.6094379425048828,-1.6094379425048828,-1.6094379425048828,0.20173999225157865,0.0,0.0,0.0,0.0,random,2,0.2,2048
0.0,-0.5714983344078064,0.2,0.0,0.19999998807907104,0.19999998807907104,0.19999998807907104,-1.6094379425048828,-1.6094379425048828,-1.6094379425048828,0.18812890145033792,0.0,0.0,0.0,0.0,random,2,0.2,3072
0.0,-0.5714983344078064,0.2,0.0,0.19999998807907104,0.19999998807907104,0.19999998807907104,-1.6094379425048828,-1.6094379425048828,-1.6094379425048828,0.19102475243522732,0.0,0.0,0.0,0.0,random,2,0.2,4096
0.0,-0.5714983344078064,0.2,0.0,0.19999998807907104,0.19999998807907104,0.19999998807907104,-1.6094379425048828,-1.6094379425048828,-1.6094379425048828,0.22884068425778592,0.0,0.0,0.0,0.0,random,2,0.2,5120
0.0,-0.5714983344078064,0.2,0.0,0.19999998807907104,0.19999998807907104,0.19999998807907104,-1.6094379425048828,-1.6094379425048828,-1.6094379425048828,0.26615070894858206,0.0,0.0,0.0,0.0,random,2,0.2,6144
0.0,-0.5714983344078064,0.2,0.0,0.19999998807907104,0.19999998807907104,0.19999998807907104,-1.6094379425048828,-1.6094379425048828,-1.6094379425048828,0.2293804956298085,0.0,0.0,0.0,0.0,random,2,0.2,7168
0.0,-0.5714983344078064,0.2,0.0,0.19999998807907104,0.19999998807907104,0.19999998807907104,-1.6094379425048828,-1.6094379425048828,-1.6094379425048828,0.21204802293799113,0.0,0.0,0.0,0.0,random,2,0.2,8192
0.0,-0.5714983344078064,0.2,0.0,0.19999998807907104,0.19999998807907104,0.19999998807907104,-1.6094379425048828,-1.6094379425048828,-1.6094379425048828,0.20672928536728744,0.0,0.0,0.0,0.0,random,2,0.2,9216
0.0,-0.5714983344078064,0.2,0.0,0.19999998807907104,0.19999998807907104,0.19999998807907104,-1.6094379425048828,-1.6094379425048828,-1.6094379425048828,0.19899420244317265,0.0,0.0,0.0,0.0,random,2,0.2,10240
0.0,-0.5714983344078064,0.2,0.0,0.19999998807907104,0.19999998807907104,0.19999998807907104,-1.6094379425048828,-1.6094379425048828,-1.6094379425048828,0.21892497247077727,0.0,0.0,0.0,0.0,random,2,0.2,11264
0.0,-0.5714983344078064,0.2,0.0,0.19999998807907104,0.19999998807907104,0.19999998807907104,-1.6094379425048828,-1.6094379425048828,-1.6094379425048828,0.22021281144517713,0.0,0.0,0.0,0.0,random,2,0.2,12288
0.0,-0.5714983344078064,0.2,0.0,0.19999998807907104,0.19999998807907104,0.19999998807907104,-1.6094379425048828,-1.6094379425048828,-1.6094379425048828,0.2589654664420819,0.0,0.0,0.0,0.0,random,2,0.2,13312
0.0,-0.5714983344078064,0.2,0.0,0.19999998807907104,0.19999998807907104,0.19999998807907104,-1.6094379425048828,-1.6094379425048828,-1.6094379425048828,0.5737224776206004,0.0,0.0,0.0,0.0,random,2,0.2,14336
0.0,-0.5714983344078064,0.2,0.0,0.19999998807907104,0.19999998807907104,0.19999998807907104,-1.6094379425048828,-1.6094379425048828,-1.6094379425048828,0.2608647122703754,0.0,0.0,0.0,0.0,random,2,0.2,15360
0.0,-0.5714983344078064,0.2,0.0,0.19999998807907104,0.19999998807907104,0.19999998807907104,-1.6094379425048828,-1.6094379425048828,-1.6094379425048828,0.23888501056727268,0.0,0.0,0.0,0.0,random,2,0.2,16384
0.0,-0.5714983344078064,0.2,0.0,0.19999998807907104,0.19999998807907104,0.19999998807907104,-1.6094379425048828,-1.6094379425048828,-1.6094379425048828,0.2544257449326812,0.0,0.0,0.0,0.0,random,2,0.2,17408
0.0,-0.5714983344078064,0.2,0.0,0.19999998807907104,0.19999998807907104,0.19999998807907104,-1.6094379425048828,-1.6094379425048828,-1.6094379425048828,0.22659112076080573,0.0,0.0,0.0,0.0,random,2,0.2,18432
0.0,-0.5714983344078064,0.2,0.0,0.19999998807907104,0.19999998807907104,0.19999998807907104,-1.6094379425048828,-1.6094379425048828,-1.6094379425048828,0.21166389382199108,0.0,0.0,0.0,0.0,random,2,0.2,19456
0.0,-0.5714983344078064,0.2,0.0,0.19999998807907104,0.19999998807907104,0.19999998807907104,-1.6094379425048828,-1.6094379425048828,-1.6094379425048828,0.23511320285489434,0.0,0.0,0.0,0.0,random,2,0.2,20480
0.0,-0.5714983344078064,0.2,0.0,0.19999998807907104,0.19999998807907104,0.19999998807907104,-1.6094379425048828,-1.6094379425048828,-1.6094379425048828,0.15967339979709355,0.0,0.0,0.0,0.0,random,3,0.2,1024
0.0,-0.5714983344078064,0.2,0.0,0.19999998807907104,0.19999998807907104,0.19999998807907104,-1.6094379425048828,-1.6094379425048828,-1.6094379425048828,0.15998665080653401,0.0,0.0,0.0,0.0,random,3,0.2,2048
0.0,-0.5714983344078064,0.2,0.0,0.19999998807907104,0.19999998807907104,0.19999998807907104,-1.6094379425048828,-1.6094379425048828,-1.6094379425048828,0.16181346941280303,0.0,0.0,0.0,0.0,random,3,0.2,3072
0.0,-0.5714983344078064,0.2,0.0,0.19999998807907104,0.19999998807907104,0.19999998807907104,-1.6094379425048828,-1.6094379425048828,-1.6094379425048828,0.1857656886484643,0.0,0.0,0.0,0.0,random,3,0.2,4096
0.0,-0.5714983344078064,0.2,0.0,0.19999998807907104,0.19999998807907104,0.19999998807907104,-1.6094379425048828,-1.6094379425048828,-1.6094379425048828,0.2124727012572663,0.0,0.0,0.0,0.0,random,3,0.2,5120
0.0,-0.5714983344078064,0.2,0.0,0.19999998807907104,0.19999998807907104,0.19999998807907104,-1.6094379425048828,-1.6094379425048828,-1.6094379425048828,0.21544909042471733,0.0,0.0,0.0,0.0,random,3,0.2,6144
0.0,-0.5714983344078064,0.2,0.0,0.19999998807907104,0.19999998807907104,0.19999998807907104,-1.6094379425048828,-1.6094379425048828,-1.6094379425048828,0.2113759094938617,0.0,0.0,0.0,0.0,random,3,0.2,7168
0.0,-0.5714983344078064,0.2,0.0,0.19999998807907104,0.19999998807907104,0.19999998807907104,-1.6094379425048828,-1.6094379425048828,-1.6094379425048828,0.2685722185972832,0.0,0.0,0.0,0.0,random,3,0.2,8192
0.0,-0.5714983344078064,0.2,0.0,0.19999998807907104,0.19999998807907104,0.19999998807907104,-1.6094379425048828,-1.6094379425048828,-1.6094379425048828,0.21631525207296423,0.0,0.0,0.0,0.0,random,3,0.2,9216
0.0,-0.5714983344078064,0.2,0.0,0.19999998807907104,0.19999998807907104,0.19999998807907104,-1.6094379425048828,-1.6094379425048828,-1.6094379425048828,0.28807859653667406,0.0,0.0,0.0,0.0,random,3,0.2,10240
0.0,-0.5714983344078064,0.2,0.0,0.19999998807907104,0.19999998807907104,0.19999998807907104,-1.6094379425048828,-1.6094379425048828,-1.6094379425048828,0.30783646977403906,0.0,0.0,0.0,0.0,random,3,0.2,11264
0.0,-0.5714983344078064,0.2,0.0,0.19999998807907104,0.19999998807907104,0.19999998807907104,-1.6094379425048828,-1.6094379425048828,-1.6094379425048828,0.23404467870588821,0.0,0.0,0.0,0.0,random,3,0.2,12288
0.0,-0.5714983344078064,0.2,0.0,0.19999998807907104,0.19999998807907104,0.19999998807907104,-1.6094379425048828,-1.6094379425048828,-1.6094379425048828,0.24939354893337118,0.0,0.0,0.0,0.0,random,3,0.2,13312
0.0,-0.5714983344078064,0.2,0.0,0.19999998807907104,0.19999998807907104,0.19999998807907104,-1.6094379425048828,-1.6094379425048828,-1.6094379425048828,0.24909329881406012,0.0,0.0,0.0,0.0,random,3,0.2,14336
0.0,-0.5714983344078064,0.2,0.0,0.19999998807907104,0.19999998807907104,0.19999998807907104,-1.6094379425048828,-1.6094379425048828,-1.6094379425048828,0.21976325455690632,0.0,0.0,0.0,0.0,random,3,0.2,15360
0.0,-0.5714983344078064,0.2,0.0,0.19999998807907104,0.19999998807907104,0.19999998807907104,-1.6094379425048828,-1.6094379425048828,-1.6094379425048828,0.21312509149351627,0.0,0.0,0.0,0.0,random,3,0.2,16384
0.0,-0.5714983344078064,0.2,0.0,0.19999998807907104,0.19999998807907104,0.19999998807907104,-1.6094379425048828,-1.6094379425048828,-1.6094379425048828,0.20299553129261527,0.0,0.0,0.0,0.0,random,3,0.2,17408
0.0,-0.5714983344078064,0.2,0.0,0.19999998807907104,0.19999998807907104,0.19999998807907104,-1.6094379425048828,-1.6094379425048828,-1.6094379425048828,0.276303286276922,0.0,0.0,0.0,0.0,random,3,0.2,18432
0.0,-0.5714983344078064,0.2,0.0,0.19999998807907104,0.19999998807907104,0.19999998807907104,-1.6094379425048828,-1.6094379425048828,-1.6094379425048828,0.24688077093224042,0.0,0.0,0.0,0.0,random,3,0.2,19456
0.0,-0.5714983344078064,0.2,0.0,0.19999998807907104,0.19999998807907104,0.19999998807907104,-1.6094379425048828,-1.6094379425048828,-1.6094379425048828,0.23622763846383638,0.0,0.0,0.0,0.0,random,3,0.2,20480
0.0,-0.5714983344078064,0.2,0.0,0.19999998807907104,0.19999998807907104,0.19999998807907104,-1.6094379425048828,-1.6094379425048828,-1.6094379425048828,0.1770751317206833,0.0,0.0,0.0,0.0,random,4,0.2,1024
0.0,-0.5714983344078064,0.2,0.0,0.19999998807907104,0.19999998807907104,0.19999998807907104,-1.6094379425048828,-1.6094379425048828,-1.6094379425048828,0.2615786317025641,0.0,0.0,0.0,0.0,random,4,0.2,2048
0.0,-0.5714983344078064,0.2,0.0,0.19999998807907104,0.19999998807907104,0.19999998807907104,-1.6094379425048828,-1.6094379425048828,-1.6094379425048828,0.24872980152006746,0.0,0.0,0.0,0.0,random,4,0.2,3072
0.0,-0.5714983344078064,0.2,0.0,0.19999998807907104,0.19999998807907104,0.19999998807907104,-1.6094379425048828,-1.6094379425048828,-1.6094379425048828,0.16122841353971515,0.0,0.0,0.0,0.0,random,4,0.2,4096
0.0,-0.5714983344078064,0.2,0.0,0.19999998807907104,0.19999998807907104,0.19999998807907104,-1.6094379425048828,-1.6094379425048828,-1.6094379425048828,0.32156001063771594,0.0,0.0,0.0,0.0,random,4,0.2,5120
0.0,-0.5714983344078064,0.2,0.0,0.19999998807907104,0.19999998807907104,0.19999998807907104,-1.6094379425048828,-1.6094379425048828,-1.6094379425048828,0.1976504256511554,0.0,0.0,0.0,0.0,random,4,0.2,6144
0.0,-0.5714983344078064,0.2,0.0,0.19999998807907104,0.19999998807907104,0.19999998807907104,-1.6094379425048828,-1.6094379425048828,-1.6094379425048828,0.22672727543247043,0.0,0.0,0.0,0.0,random,4,0.2,7168
0.0,-0.5714983344078064,0.2,0.0,0.19999998807907104,0.19999998807907104,0.19999998807907104,-1.6094379425048828,-1.6094379425048828,-1.6094379425048828,0.28617675716514024,0.0,0.0,0.0,0.0,random,4,0.2,8192
0.0,-0.5714983344078064,0.2,0.0,0.19999998807907104,0.19999998807907104,0.19999998807907104,-1.6094379425048828,-1.6094379425048828,-1.6094379425048828,0.5609584203741276,0.0,0.0,0.0,0.0,random,4,0.2,9216
0.0,-0.5714983344078064,0.2,0.0,0.19999998807907104,0.19999998807907104,0.19999998807907104,-1.6094379425048828,-1.6094379425048828,-1.6094379425048828,0.23941109254762974,0.0,0.0,0.0,0.0,random,4,0.2,10240
0.0,-0.5714983344078064,0.2,0.0,0.19999998807907104,0.19999998807907104,0.19999998807907104,-1.6094379425048828,-1.6094379425048828,-1.6094379425048828,0.23959195777464623,0.0,0.0,0.0,0.0,random,4,0.2,11264
0.0,-0.5714983344078064,0.2,0.0,0.19999998807907104,0.19999998807907104,0.19999998807907104,-1.6094379425048828,-1.6094379425048828,-1.6094379425048828,0.25211145576867533,0.0,0.0,0.0,0.0,random,4,0.2,12288
0.0,-0.5714983344078064,0.2,0.0,0.19999998807907104,0.19999998807907104,0.19999998807907104,-1.6094379425048828,-1.6094379425048828,-1.6094379425048828,0.22207662336644263,0.0,0.0,0.0,0.0,random,4,0.2,13312
0.0,-0.5714983344078064,0.2,0.0,0.19999998807907104,0.19999998807907104,0.19999998807907104,-1.6094379425048828,-1.6094379425048828,-1.6094379425048828,0.24429472947514935,0.0,0.0,0.0,0.0,random,4,0.2,14336
0.0,-0.5714983344078064,0.2,0.0,0.19999998807907104,0.19999998807907104,0.19999998807907104,-1.6094379425048828,-1.6094379425048828,-1.6094379425048828,0.2518419190183108,0.0,0.0,0.0,0.0,random,4,0.2,15360
0.0,-0.5714983344078064,0.2,0.0,0.19999998807907104,0.19999998807907104,0.19999998807907104,-1.6094379425048828,-1.6094379425048828,-1.6094379425048828,0.2402567577351431,0.0,0.0,0.0,0.0,random,4,0.2,16384
0.0,-0.5714983344078064,0.2,0.0,0.19999998807907104,0.19999998807907104,0.19999998807907104,-1.6094379425048828,-1.6094379425048828,-1.6094379425048828,0.23335053905090933,0.0,0.0,0.0,0.0,random,4,0.2,17408
0.0,-0.5714983344078064,0.2,0.0,0.19999998807907104,0.19999998807907104,0.19999998807907104,-1.6094379425048828,-1.6094379425048828,-1.6094379425048828,0.23778362804311107,0.0,0.0,0.0,0.0,random,4,0.2,18432
0.0,-0.5714983344078064,0.2,0.0,0.19999998807907104,0.19999998807907104,0.19999998807907104,-1.6094379425048828,-1.6094379425048828,-1.6094379425048828,0.22451131144096417,0.0,0.0,0.0,0.0,random,4,0.2,19456
0.0,-0.5714983344078064,0.2,0.0,0.19999998807907104,0.19999998807907104,0.19999998807907104,-1.6094379425048828,-1.6094379425048828,-1.6094379425048828,0.2179446510545397,0.0,0.0,0.0,0.0,random,4,0.2,20480
0.0,-2.65093994140625,0.1,0.0,0.09999999403953552,0.09999999403953552,0.09999999403953552,-2.3025851249694824,-2.3025851249694824,-2.3025851249694824,0.3335144029826351,0.0,0.0,0.0,0.0,random,0,0.1,1024
0.0,-2.65093994140625,0.1,0.0,0.09999999403953552,0.09999999403953552,0.09999999403953552,-2.3025851249694824,-2.3025851249694824,-2.3025851249694824,0.29353336499358895,0.0,0.0,0.0,0.0,random,0,0.1,2048
0.0,-2.65093994140625,0.1,0.0,0.09999999403953552,0.09999999403953552,0.09999999403953552,-2.3025851249694824,-2.3025851249694824,-2.3025851249694824,0.357231979419981,0.0,0.0,0.0,0.0,random,0,0.1,3072
0.0,-2.65093994140625,0.1,0.0,0.09999999403953552,0.09999999403953552,0.09999999403953552,-2.3025851249694824,-2.3025851249694824,-2.3025851249694824,0.4581013180576409,0.0,0.0,0.0,0.0,random,0,0.1,4096
0.0,-2.65093994140625,0.1,0.0,0.09999999403953552,0.09999999403953552,0.09999999403953552,-2.3025851249694824,-2.3025851249694824,-2.3025851249694824,0.4410062382029111,0.0,0.0,0.0,0.0,random,0,0.1,5120
0.0,-2.65093994140625,0.1,0.0,0.09999999403953552,0.09999999403953552,0.09999999403953552,-2.3025851249694824,-2.3025851249694824,-2.3025851249694824,0.5370437791781203,0.0,0.0,0.0,0.0,random,0,0.1,6144
0.0,-2.65093994140625,0.1,0.0,0.09999999403953552,0.09999999403953552,0.09999999403953552,-2.3025851249694824,-2.3025851249694824,-2.3025851249694824,0.513168090574163,0.0,0.0,0.0,0.0,random,0,0.1,7168
0.0,-2.65093994140625,0.1,0.0,0.09999999403953552,0.09999999403953552,0.09999999403953552,-2.3025851249694824,-2.3025851249694824,-2.3025851249694824,0.5689518206063102,0.0,0.0,0.0,0.0,random,0,0.1,8192
0.0,-2.65093994140625,0.1,0.0,0.09999999403953552,0.09999999403953552,0.09999999403953552,-2.3025851249694824,-2.3025851249694824,-2.3025851249694824,0.5035178497105102,0.0,0.0,0.0,0.0,random,0,0.1,9216
0.0,-2.65093994140625,0.1,0.0,0.09999999403953552,0.09999999403953552,0.09999999403953552,-2.3025851249694824,-2.3025851249694824,-2.3025851249694824,0.46230579042510067,0.0,0.0,0.0,0.0,random,0,0.1,10240
0.0,-2.65093994140625,0.1,0.0,0.09999999403953552,0.09999999403953552,0.09999999403953552,-2.3025851249694824,-2.3025851249694824,-2.3025851249694824,0.4647311629188741,0.0,0.0,0.0,0.0,random,0,0.1,11264
0.0,-2.65093994140625,0.1,0.0,0.09999999403953552,0.09999999403953552,0.09999999403953552,-2.3025851249694824,-2.3025851249694824,-2.3025851249694824,0.5213808297163937,0.0,0.0,0.0,0.0,random,0,0.1,12288
0.0,-2.65093994140625,0.1,0.0,0.09999999403953552,0.09999999403953552,0.09999999403953552,-2.3025851249694824,-2.3025851249694824,-2.3025851249694824,0.4595469009010399,0.0,0.0,0.0,0.0,random,0,0.1,13312
0.0,-2.65093994140625,0.1,0.0,0.09999999403953552,0.09999999403953552,0.09999999403953552,-2.3025851249694824,-2.3025851249694824,-2.3025851249694824,0.48220620625948324,0.0,0.0,0.0,0.0,random,0,0.1,14336
0.0,-2.65093994140625,0.1,0.0,0.09999999403953552,0.09999999403953552,0.09999999403953552,-2.3025851249694824,-2.3025851249694824,-2.3025851249694824,0.5435860672484886,0.0,0.0,0.0,0.0,random,0,0.1,15360
0.0,-2.65093994140625,0.1,0.0,0.09999999403953552,0.09999999403953552,0.09999999403953552,-2.3025851249694824,-2.3025851249694824,-2.3025851249694824,0.6096890426254149,0.0,0.0,0.0,0.0,random,0,0.1,16384
0.0,-2.65093994140625,0.1,0.0,0.09999999403953552,0.09999999403953552,0.09999999403953552,-2.3025851249694824,-2.3025851249694824,-2.3025851249694824,0.5073878869192068,0.0,0.0,0.0,0.0,random,0,0.1,17408
0.0,-2.65093994140625,0.1,0.0,0.09999999403953552,0.09999999403953552,0.09999999403953552,-2.3025851249694824,-2.3025851249694824,-2.3025851249694824,0.5383825013068554,0.0,0.0,0.0,0.0,random,0,0.1,18432
0.0,-2.65093994140625,0.1,0.0,0.09999999403953552,0.09999999403953552,0.09999999403953552,-2.3025851249694824,-2.3025851249694824,-2.3025851249694824,0.47563466679802513,0.0,0.0,0.0,0.0,random,0,0.1,19456
0.0,-2.65093994140625,0.1,0.0,0.09999999403953552,0.09999999403953552,0.09999999403953552,-2.3025851249694824,-2.3025851249694824,-2.3025851249694824,0.41954350601954216,0.0,0.0,0.0,0.0,random,0,0.1,20480
0.0,-2.65093994140625,0.1,0.0,0.09999999403953552,0.09999999403953552,0.09999999403953552,-2.3025851249694824,-2.3025851249694824,-2.3025851249694824,0.3087146224446798,0.0,0.0,0.0,0.0,random,1,0.1,1024
0.0,-2.65093994140625,0.1,0.0,0.09999999403953552,0.09999999403953552,0.09999999403953552,-2.3025851249694824,-2.3025851249694824,-2.3025851249694824,0.2796016918565358,0.0,0.0,0.0,0.0,random,1,0.1,2048
0.0,-2.65093994140625,0.1,0.0,0.09999999403953552,0.09999999403953552,0.09999999403953552,-2.3025851249694824,-2.3025851249694824,-2.3025851249694824,0.40322108517863564,0.0,0.0,0.0,0.0,random,1,0.1,3072
0.0,-2.65093994140625,0.1,0.0,0.09999999403953552,0.09999999403953552,0.09999999403953552,-2.3025851249694824,-2.3025851249694824,-2.3025851249694824,0.4438153399451698,0.0,0.0,0.0,0.0,random,1,0.1,4096
0.0,-2.65093994140625,0.1,0.0,0.09999999403953552,0.09999999403953552,0.09999999403953552,-2.3025851249694824,-2.3025851249694824,-2.3025851249694824,0.6047237964059515,0.0,0.0,0.0,0.0,random,1,0.1,5120
0.0,-2.65093994140625,0.1,0.0,0.09999999403953552,0.09999999403953552,0.09999999403953552,-2.3025851249694824,-2.3025851249694824,-2.3025851249694824,0.4664448016909001,0.0,0.0,0.0,0.0,random,1,0.1,6144
0.0,-2.65093994140625,0.1,0.0,0.09999999403953552,0.09999999403953552,0.09999999403953552,-2.3025851249694824,-2.3025851249694824,-2.3025851249694824,0.44971783659608133,0.0,0.0,0.0,0.0,random,1,0.1,7168
0.0,-2.65093994140625,0.1,0.0,0.09999999403953552,0.09999999403953552,0.09999999403953552,-2.3025851249694824,-2.3025851249694824,-2.3025851249694824,0.49485847915482883,0.0,0.0,0.0,0.0,random,1,0.1,8192
0.0,-2.65093994140625,0.1,0.0,0.09999999403953552,0.09999999403953552,0.09999999403953552,-2.3025851249694824,-2.3025851249694824,-2.3025851249694824,0.4689289731892785,0.0,0.0,0.0,0.0,random,1,0.1,9216
0.0,-2.65093994140625,0.1,0.0,0.09999999403953552,0.09999999403953552,0.09999999403953552,-2.3025851249694824,-2.3025851249694824,-2.3025851249694824,0.4527769936797065,0.0,0.0,0.0,0.0,random,1,0.1,10240
0.0,-2.65093994140625,0.1,0.0,0.09999999403953552,0.09999999403953552,0.09999999403953552,-2.3025851249694824,-2.3025851249694824,-2.3025851249694824,0.48912581677914596,0.0,0.0,0.0,0.0,random,1,0.1,11264
0.0,-2.65093994140625,0.1,0.0,0.09999999403953552,0.09999999403953552,0.09999999403953552,-2.3025851249694824,-2.3025851249694824,-2.3025851249694824,0.4536380210120699,0.0,0.0,0.0,0.0,random,1,0.1,12288
0.0,-2.65093994140625,0.1,0.0,0.09999999403953552,0.09999999403953552,0.09999999403953552,-2.3025851249694824,-2.3025851249694824,-2.3025851249694824,0.4544336247933128,0.0,0.0,0.0,0.0,random,1,0.1,13312
0.0,-2.65093994140625,0.1,0.0,0.09999999403953552,0.09999999403953552,0.09999999403953552,-2.3025851249694824,-2.3025851249694824,-2.3025851249694824,0.5644992004678949,0.0,0.0,0.0,0.0,random,1,0.1,14336
0.0,-2.65093994140625,0.1,0.0,0.09999999403953552,0.09999999403953552,0.09999999403953552,-2.3025851249694824,-2.3025851249694824,-2.3025851249694824,0.4480466189619091,0.0,0.0,0.0,0.0,random,1,0.1,15360
0.0,-2.65093994140625,0.1,0.0,0.09999999403953552,0.09999999403953552,0.09999999403953552,-2.3025851249694824,-2.3025851249694824,-2.3025851249694824,0.482816216594089,0.0,0.0,0.0,0.0,random,1,0.1,16384
0.0,-2.65093994140625,0.1,0.0,0.09999999403953552,0.09999999403953552,0.09999999403953552,-2.3025851249694824,-2.3025851249694824,-2.3025851249694824,0.44896109117492156,0.0,0.0,0.0,0.0,random,1,0.1,17408
0.0,-2.65093994140625,0.1,0.0,0.09999999403953552,0.09999999403953552,0.09999999403953552,-2.3025851249694824,-2.3025851249694824,-2.3025851249694824,0.4806682665736913,0.0,0.0,0.0,0.0,random,1,0.1,18432
0.0,-2.65093994140625,0.1,0.0,0.09999999403953552,0.09999999403953552,0.09999999403953552,-2.3025851249694824,-2.3025851249694824,-2.3025851249694824,0.48196640058327594,0.0,0.0,0.0,0.0,random,1,0.1,19456
0.0,-2.65093994140625,0.1,0.0,0.09999999403953552,0.09999999403953552,0.09999999403953552,-2.3025851249694824,-2.3025851249694824,-2.3025851249694824,0.46845959905733087,0.0,0.0,0.0,0.0,random,1,0.1,20480
0.0,-2.65093994140625,0.1,0.0,0.09999999403953552,0.09999999403953552,0.09999999403953552,-2.3025851249694824,-2.3025851249694824,-2.3025851249694824,0.4392982390681439,0.0,0.0,0.0,0.0,random,2,0.1,1024
0.0,-2.65093994140625,0.1,0.0,0.09999999403953552,0.09999999403953552,0.09999999403953552,-2.3025851249694824,-2.3025851249694824,-2.3025851249694824,0.7380097928562053,0.0,0.0,0.0,0.0,random,2,0.1,2048
0.0,-2.65093994140625,0.1,0.0,0.09999999403953552,0.09999999403953552,0.09999999403953552,-2.3025851249694824,-2.3025851249694824,-2.3025851249694824,0.385620714316263,0.0,0.0,0.0,0.0,random,2,0.1,3072
0.0,-2.65093994140625,0.1,0.0,0.09999999403953552,0.09999999403953552,0.09999999403953552,-2.3025851249694824,-2.3025851249694824,-2.3025851249694824,0.39309965018497056,0.0,0.0,0.0,0.0,random,2,0.1,4096
0.0,-2.65093994140625,0.1,0.0,0.09999999403953552,0.09999999403953552,0.09999999403953552,-2.3025851249694824,-2.3025851249694824,-2.3025851249694824,0.4438033546957678,0.0,0.0,0.0,0.0,random,2,0.1,5120
0.0,-2.65093994140625,0.1,0.0,0.09999999403953552,0.09999999403953552,0.09999999403953552,-2.3025851249694824,-2.3025851249694824,-2.3025851249694824,0.7107622858199705,0.0,0.0,0.0,0.0,random,2,0.1,6144
0.0,-2.65093994140625,0.1,0.0,0.09999999403953552,0.09999999403953552,0.09999999403953552,-2.3025851249694824,-2.3025851249694824,-2.3025851249694824,0.934439440850463,0.0,0.0,0.0,0.0,random,2,0.1,7168
0.0,-2.65093994140625,0.1,0.0,0.09999999403953552,0.09999999403953552,0.09999999403953552,-2.3025851249694824,-2.3025851249694824,-2.3025851249694824,0.4128043470892152,0.0,0.0,0.0,0.0,random,2,0.1,8192
0.0,-2.65093994140625,0.1,0.0,0.09999999403953552,0.09999999403953552,0.09999999403953552,-2.3025851249694824,-2.3025851249694824,-2.3025851249694824,0.4943932904343661,0.0,0.0,0.0,0.0,random,2,0.1,9216
0.0,-2.65093994140625,0.1,0.0,0.09999999403953552,0.09999999403953552,0.09999999403953552,-2.3025851249694824,-2.3025851249694824,-2.3025851249694824,0.4148493727946946,0.0,0.0,0.0,0.0,random,2,0.1,10240
0.0,-2.65093994140625,0.1,0.0,0.09999999403953552,0.09999999403953552,0.09999999403953552,-2.3025851249694824,-2.3025851249694824,-2.3025851249694824,0.4177958150907635,0.0,0.0,0.0,0.0,random,2,0.1,11264
0.0,-2.65093994140625,0.1,0.0,0.09999999403953552,0.09999999403953552,0.09999999403953552,-2.3025851249694824,-2.3025851249694824,-2.3025851249694824,0.4258093240051187,0.0,0.0,0.0,0.0,random,2,0.1,12288
0.0,-2.65093994140625,0.1,0.0,0.09999999403953552,0.09999999403953552,0.09999999403953552,-2.3025851249694824,-2.3025851249694824,-2.3025851249694824,0.5630672283866835,0.0,0.0,0.0,0.0,random,2,0.1,13312
0.0,-2.65093994140625,0.1,0.0,0.09999999403953552,0.09999999403953552,0.09999999403953552,-2.3025851249694824,-2.3025851249694824,-2.3025851249694824,0.8411465677286554,0.0,0.0,0.0,0.0,random,2,0.1,14336
0.0,-2.65093994140625,0.1,0.0,0.09999999403953552,0.09999999403953552,0.09999999403953552,-2.3025851249694824,-2.3025851249694824,-2.3025851249694824,0.5302439810357862,0.0,0.0,0.0,0.0,random,2,0.1,15360
0.0,-2.65093994140625,0.1,0.0,0.09999999403953552,0.09999999403953552,0.09999999403953552,-2.3025851249694824,-2.3025851249694824,-2.3025851249694824,1.0637494156410103,0.0,0.0,0.0,0.0,random,2,0.1,16384
0.0,-2.65093994140625,0.1,0.0,0.09999999403953552,0.09999999403953552,0.09999999403953552,-2.3025851249694824,-2.3025851249694824,-2.3025851249694824,0.9942416614025407,0.0,0.0,0.0,0.0,random,2,0.1,17408
0.0,-2.65093994140625,0.1,0.0,0.09999999403953552,0.09999999403953552,0.09999999403953552,-2.3025851249694824,-2.3025851249694824,-2.3025851249694824,0.46832927657694745,0.0,0.0,0.0,0.0,random,2,0.1,18432
0.0,-2.65093994140625,0.1,0.0,0.09999999403953552,0.09999999403953552,0.09999999403953552,-2.3025851249694824,-2.3025851249694824,-2.3025851249694824,0.4379534816937147,0.0,0.0,0.0,0.0,random,2,0.1,19456
0.0,-2.65093994140625,0.1,0.0,0.09999999403953552,0.09999999403953552,0.09999999403953552,-2.3025851249694824,-2.3025851249694824,-2.3025851249694824,0.4836076667868133,0.0,0.0,0.0,0.0,random,2,0.1,20480
0.0,-2.65093994140625,0.1,0.0,0.09999999403953552,0.09999999403953552,0.09999999403953552,-2.3025851249694824,-2.3025851249694824,-2.3025851249694824,0.34534604888018006,0.0,0.0,0.0,0.0,random,3,0.1,1024
0.0,-2.65093994140625,0.1,0.0,0.09999999403953552,0.09999999403953552,0.09999999403953552,-2.3025851249694824,-2.3025851249694824,-2.3025851249694824,0.31184321159228745,0.0,0.0,0.0,0.0,random,3,0.1,2048
0.0,-2.65093994140625,0.1,0.0,0.09999999403953552,0.09999999403953552,0.09999999403953552,-2.3025851249694824,-2.3025851249694824,-2.3025851249694824,0.3503900120935938,0.0,0.0,0.0,0.0,random,3,0.1,3072
0.0,-2.65093994140625,0.1,0.0,0.09999999403953552,0.09999999403953552,0.09999999403953552,-2.3025851249694824,-2.3025851249694824,-2.3025851249694824,0.4293691496634143,0.0,0.0,0.0,0.0,random,3,0.1,4096
0.0,-2.65093994140625,0.1,0.0,0.09999999403953552,0.09999999403953552,0.09999999403953552,-2.3025851249694824,-2.3025851249694824,-2.3025851249694824,0.4747832822467258,0.0,0.0,0.0,0.0,random,3,0.1,5120
0.0,-2.65093994140625,0.1,0.0,0.09999999403953552,0.09999999403953552,0.09999999403953552,-2.3025851249694824,-2.3025851249694824,-2.3025851249694824,0.44518609321960056,0.0,0.0,0.0,0.0,random,3,0.1,6144
0.0,-2.65093994140625,0.1,0.0,0.09999999403953552,0.09999999403953552,0.09999999403953552,-2.3025851249694824,-2.3025851249694824,-2.3025851249694824,0.42635760123511696,0.0,0.0,0.0,0.0,random,3,0.1,7168
0.0,-2.65093994140625,0.1,0.0,0.09999999403953552,0.09999999403953552,0.09999999403953552,-2.3025851249694824,-2.3025851249694824,-2.3025851249694824,0.5275388558241799,0.0,0.0,0.0,0.0,random,3,0.1,8192
0.0,-2.65093994140625,0.1,0.0,0.09999999403953552,0.09999999403953552,0.09999999403953552,-2.3025851249694824,-2.3025851249694824,-2.3025851249694824,0.5004504184556302,0.0,0.0,0.0,0.0,random,3,0.1,9216
0.0,-2.65093994140625,0.1,0.0,0.09999999403953552,0.09999999403953552,0.09999999403953552,-2.3025851249694824,-2.3025851249694824,-2.3025851249694824,0.631533381329359,0.0,0.0,0.0,0.0,random,3,0.1,10240
0.0,-2.65093994140625,0.1,0.0,0.09999999403953552,0.09999999403953552,0.09999999403953552,-2.3025851249694824,-2.3025851249694824,-2.3025851249694824,0.6118765851934519,0.0,0.0,0.0,0.0,random,3,0.1,11264
0.0,-2.65093994140625,0.1,0.0,0.09999999403953552,0.09999999403953552,0.09999999403953552,-2.3025851249694824,-2.3025851249694824,-2.3025851249694824,0.7579302805991681,0.0,0.0,0.0,0.0,random,3,0.1,12288
0.0,-2.65093994140625,0.1,0.0,0.09999999403953552,0.09999999403953552,0.09999999403953552,-2.3025851249694824,-2.3025851249694824,-2.3025851249694824,0.5408261290571414,0.0,0.0,0.0,0.0,random,3,0.1,13312
0.0,-2.65093994140625,0.1,0.0,0.09999999403953552,0.09999999403953552,0.09999999403953552,-2.3025851249694824,-2.3025851249694824,-2.3025851249694824,0.4936029064632111,0.0,0.0,0.0,0.0,random,3,0.1,14336
0.0,-2.65093994140625,0.1,0.0,0.09999999403953552,0.09999999403953552,0.09999999403953552,-2.3025851249694824,-2.3025851249694824,-2.3025851249694824,0.3844810307460768,0.0,0.0,0.0,0.0,random,3,0.1,15360
0.0,-2.65093994140625,0.1,0.0,0.09999999403953552,0.09999999403953552,0.09999999403953552,-2.3025851249694824,-2.3025851249694824,-2.3025851249694824,0.4276746546335026,0.0,0.0,0.0,0.0,random,3,0.1,16384
0.0,-2.65093994140625,0.1,0.0,0.09999999403953552,0.09999999403953552,0.09999999403953552,-2.3025851249694824,-2.3025851249694824,-2.3025851249694824,0.43451177906897287,0.0,0.0,0.0,0.0,random,3,0.1,17408
0.0,-2.65093994140625,0.1,0.0,0.09999999403953552,0.09999999403953552,0.09999999403953552,-2.3025851249694824,-2.3025851249694824,-2.3025851249694824,0.5423243577822792,0.0,0.0,0.0,0.0,random,3,0.1,18432
0.0,-2.65093994140625,0.1,0.0,0.09999999403953552,0.09999999403953552,0.09999999403953552,-2.3025851249694824,-2.3025851249694824,-2.3025851249694824,0.5142560686698683,0.0,0.0,0.0,0.0,random,3,0.1,19456
0.0,-2.65093994140625,0.1,0.0,0.09999999403953552,0.09999999403953552,0.09999999403953552,-2.3025851249694824,-2.3025851249694824,-2.3025851249694824,0.4796313972402021,0.0,0.0,0.0,0.0,random,3,0.1,20480
0.0,-2.65093994140625,0.1,0.0,0.09999999403953552,0.09999999403953552,0.09999999403953552,-2.3025851249694824,-2.3025851249694824,-2.3025851249694824,0.23337302349420835,0.0,0.0,0.0,0.0,random,4,0.1,1024
0.0,-2.65093994140625,0.1,0.0,0.09999999403953552,0.09999999403953552,0.09999999403953552,-2.3025851249694824,-2.3025851249694824,-2.3025851249694824,0.49998939579253693,0.0,0.0,0.0,0.0,random,4,0.1,2048
0.0,-2.65093994140625,0.1,0.0,0.09999999403953552,0.09999999403953552,0.09999999403953552,-2.3025851249694824,-2.3025851249694824,-2.3025851249694824,0.36125240044332513,0.0,0.0,0.0,0.0,random,4,0.1,3072
0.0,-2.65093994140625,0.1,0.0,0.09999999403953552,0.09999999403953552,0.09999999403953552,-2.3025851249694824,-2.3025851249694824,-2.3025851249694824,0.26327691444916945,0.0,0.0,0.0,0.0,random,4,0.1,4096
0.0,-2.65093994140625,0.1,0.0,0.09999999403953552,0.09999999403953552,0.09999999403953552,-2.3025851249694824,-2.3025851249694824,-2.3025851249694824,1.2865673806784064,0.0,0.0,0.0,0.0,random,4,0.1,5120
0.0,-2.65093994140625,0.1,0.0,0.09999999403953552,0.09999999403953552,0.09999999403953552,-2.3025851249694824,-2.3025851249694824,-2.3025851249694824,0.8204366529923315,0.0,0.0,0.0,0.0,random,4,0.1,6144
0.0,-2.65093994140625,0.1,0.0,0.09999999403953552,0.09999999403953552,0.09999999403953552,-2.3025851249694824,-2.3025851249694824,-2.3025851249694824,0.6170688836607023,0.0,0.0,0.0,0.0,random,4,0.1,7168
0.0,-2.65093994140625,0.1,0.0,0.09999999403953552,0.09999999403953552,0.09999999403953552,-2.3025851249694824,-2.3025851249694824,-2.3025851249694824,0.4584848048269324,0.0,0.0,0.0,0.0,random,4,0.1,8192
0.0,-2.65093994140625,0.1,0.0,0.09999999403953552,0.09999999403953552,0.09999999403953552,-2.3025851249694824,-2.3025851249694824,-2.3025851249694824,1.0714180388435934,0.0,0.0,0.0,0.0,random,4,0.1,9216
0.0,-2.65093994140625,0.1,0.0,0.09999999403953552,0.09999999403953552,0.09999999403953552,-2.3025851249694824,-2.3025851249694824,-2.3025851249694824,0.3558551550761889,0.0,0.0,0.0,0.0,random,4,0.1,10240
0.0,-2.65093994140625,0.1,0.0,0.09999999403953552,0.09999999403953552,0.09999999403953552,-2.3025851249694824,-2.3025851249694824,-2.3025851249694824,0.6266216037579934,0.0,0.0,0.0,0.0,random,4,0.1,11264
0.0,-2.65093994140625,0.1,0.0,0.09999999403953552,0.09999999403953552,0.09999999403953552,-2.3025851249694824,-2.3025851249694824,-2.3025851249694824,0.695720161484064,0.0,0.0,0.0,0.0,random,4,0.1,12288
0.0,-2.65093994140625,0.1,0.0,0.09999999403953552,0.09999999403953552,0.09999999403953552,-2.3025851249694824,-2.3025851249694824,-2.3025851249694824,0.6528561547804435,0.0,0.0,0.0,0.0,random,4,0.1,13312
0.0,-2.65093994140625,0.1,0.0,0.09999999403953552,0.09999999403953552,0.09999999403953552,-2.3025851249694824,-2.3025851249694824,-2.3025851249694824,0.40764935036538946,0.0,0.0,0.0,0.0,random,4,0.1,14336
0.0,-2.65093994140625,0.1,0.0,0.09999999403953552,0.09999999403953552,0.09999999403953552,-2.3025851249694824,-2.3025851249694824,-2.3025851249694824,0.4158156285567352,0.0,0.0,0.0,0.0,random,4,0.1,15360
0.0,-2.65093994140625,0.1,0.0,0.09999999403953552,0.09999999403953552,0.09999999403953552,-2.3025851249694824,-2.3025851249694824,-2.3025851249694824,0.44307968804610337,0.0,0.0,0.0,0.0,random,4,0.1,16384
0.0,-2.65093994140625,0.1,0.0,0.09999999403953552,0.09999999403953552,0.09999999403953552,-2.3025851249694824,-2.3025851249694824,-2.3025851249694824,0.3828025194438206,0.0,0.0,0.0,0.0,random,4,0.1,17408
0.0,-2.65093994140625,0.1,0.0,0.09999999403953552,0.09999999403953552,0.09999999403953552,-2.3025851249694824,-2.3025851249694824,-2.3025851249694824,0.3964583825228202,0.0,0.0,0.0,0.0,random,4,0.1,18432
0.0,-2.65093994140625,0.1,0.0,0.09999999403953552,0.09999999403953552,0.09999999403953552,-2.3025851249694824,-2.3025851249694824,-2.3025851249694824,0.4881897774342587,0.0,0.0,0.0,0.0,random,4,0.1,19456
0.0,-2.65093994140625,0.1,0.0,0.09999999403953552,0.09999999403953552,0.09999999403953552,-2.3025851249694824,-2.3025851249694824,-2.3025851249694824,0.3599208317267021,0.0,0.0,0.0,0.0,random,4,0.1,20480
-0.003,4.254841077327728,,4.7699627319523,0.9982279539108276,0.9985347986221313,0.9994336366653442,-0.0017736370209604502,-0.0014662864850834012,-0.000566539354622364,0.018296508495871038,0.08727366365492344,0.14569945633411407,0.051981426775455475,0.018099188804626465,persistent_spread_only,0,learned,1024
-0.003,4.251579308509827,,5.3896238156444705,0.9966638088226318,0.9965083599090576,1.0001964569091797,-0.003341776318848133,-0.003497722093015909,0.00019639590755105019,0.02395272438019398,0.129096173774451,0.15756884217262268,0.14982864260673523,-0.04826178029179573,persistent_spread_only,0,learned,2048
-0.003,4.248767518997193,,3.4189458385408567,0.9956716895103455,0.9951083064079285,0.9996131658554077,-0.004337688442319632,-0.004903710447251797,-0.0003869181964546442,0.028349659350566596,0.09692594986408949,0.0976736918091774,0.10183791816234589,0.060115374624729156,persistent_spread_only,0,learned,3072
-0.003,4.245948076248169,,3.238332681132306,0.9947183728218079,0.9934958219528198,0.9997178912162781,-0.005295599345117807,-0.0065254210494458675,-0.0002821692614816129,0.03268468780461191,0.1058438926935196,0.10872955620288849,0.15151838958263397,-0.02218642644584179,persistent_spread_only,0,learned,4096
-0.003,4.2433498978614805,,3.0819207372238524,0.9938410520553589,0.9913918972015381,0.9998207092285156,-0.006178014911711216,-0.008645350113511086,-0.00017929768364410847,0.04166127230715968,0.12839673906564714,0.09328461438417435,0.2315356731414795,-0.003639695467427373,persistent_spread_only,0,learned,5120
-0.003,4.240464198589325,,2.551830385686681,0.9927658438682556,0.9896923303604126,0.9998909831047058,-0.00726044038310647,-0.010361182503402233,-0.00010901734640356153,0.04627886306562119,0.11809580898843705,0.11418314278125763,0.155995711684227,-0.006051242351531982,persistent_spread_only,0,learned,6144
-0.003,4.237780952453614,,2.391374275672201,0.9914987087249756,0.9882333278656006,0.9999476671218872,-0.008537648245692253,-0.01183644961565733,-5.2351322665344924e-05,0.04627239479394642,0.11065461458638311,0.13060253858566284,0.1415027678012848,-0.0021216212771832943,persistent_spread_only,0,learned,7168
-0.003,4.2346503138542175,,2.8436359330454573,0.9901050925254822,0.9869080185890198,0.9989151954650879,-0.009944198653101921,-0.013178439810872078,-0.0010853820713236928,0.042804004027763076,0.12171900393441319,0.14780442416667938,0.13260215520858765,0.07481767237186432,persistent_spread_only,0,learned,8192
-0.003,4.231233489513397,,2.459022032827858,0.9886974096298218,0.985939085483551,0.9986920952796936,-0.011366932652890682,-0.014160694554448128,-0.0013087603729218245,0.041274186326178755,0.10149413356557488,0.13941797614097595,0.0870329737663269,-0.005114279221743345,persistent_spread_only,0,learned,9216
-0.003,4.228971397876739,,2.18659845803052,0.9874234199523926,0.9846493601799011,0.9992272853851318,-0.01265630777925253,-0.01546969823539257,-0.0007730201468802989,0.047120963734962364,0.10303462664596737,0.11588262021541595,0.12814879417419434,-0.03475083410739899,persistent_spread_only,0,learned,10240
-0.003,4.226872575283051,,1.567921577952196,0.9865531921386719,0.9832678437232971,0.9994086623191833,-0.013538012281060219,-0.01687370054423809,-0.0005914887296967208,0.047522432475088666,0.07451144731603562,0.06706659495830536,0.1187954917550087,-0.0026569857727736235,persistent_spread_only,0,learned,11264
-0.003,4.224697244167328,,1.993242047274896,0.9856158494949341,0.9819111824035645,0.9994452595710754,-0.014488628134131432,-0.018254391849040985,-0.0005548673216253519,0.046351046970623866,0.09238885575905442,0.08236201852560043,0.1190146952867508,-0.0006773805362172425,persistent_spread_only,0,learned,12288
-0.003,4.221279227733612,,2.938236512968644,0.9835444688796997,0.9802067875862122,0.9983026385307312,-0.016592439264059067,-0.019991734996438026,-0.0016987958224490285,0.053884032802552405,0.15832403264939784,0.2250213325023651,0.16501349210739136,0.0743827298283577,persistent_spread_only,0,learned,13312
-0.003,4.216924500465393,,3.197360253348259,0.9815583825111389,0.9782156348228455,0.9994710087776184,-0.018613791093230247,-0.022025153040885925,-0.0005291551351547241,0.04950104542535605,0.15827267514541746,0.172807976603508,0.18615594506263733,-0.09874959290027618,persistent_spread_only,0,learned,14336
-0.003,4.214174103736878,,2.624293060012881,0.9803557991981506,0.9763395190238953,0.9994202852249146,-0.019839687272906303,-0.0239449143409729,-0.0005798587226308882,0.041811344800178736,0.109725221991539,0.09521158039569855,0.17478890717029572,0.03158016875386238,persistent_spread_only,0,learned,15360
-0.003,4.210961484909058,,2.3993372474536887,0.9791651368141174,0.9750151634216309,0.9989606738090515,-0.02105499617755413,-0.025302281603217125,-0.0010398452868685126,0.042136802184655195,0.1011003989726305,0.11268813908100128,0.11103112995624542,0.021244119852781296,persistent_spread_only,0,learned,16384
-0.003,4.208550870418549,,1.821853729711564,0.9781023263931274,0.9739647507667542,0.9995153546333313,-0.022140955552458763,-0.026380158960819244,-0.00048473593778908253,0.04738597765428421,0.08633032012730837,0.08878282457590103,0.08879749476909637,-0.03858184069395065,persistent_spread_only,0,learned,17408
-0.003,4.206757521629333,,2.3139167331543513,0.9765744805335999,0.9725908041000366,1.0001633167266846,-0.023704271763563156,-0.027791811153292656,0.00016326883633155376,0.049379295446872515,0.1142595780082047,0.1464942991733551,0.13177044689655304,-0.03201378881931305,persistent_spread_only,0,learned,18432
-0.003,4.204246532917023,,2.0601775861440625,0.9753605723381042,0.970962643623352,1.0005683898925781,-0.024948086589574814,-0.029467273503541946,0.00056825130013749,0.04817081335328046,0.0992404299788177,0.09096291661262512,0.14213436841964722,-0.015664488077163696,persistent_spread_only,0,learned,19456
-0.003,4.201586949825287,,1.8187275279137283,0.9743126630783081,0.9692516326904297,1.0006145238876343,-0.02602299302816391,-0.031231025233864784,0.0006142772035673261,0.05110270966088397,0.09294190481305123,0.08836273103952408,0.15094122290611267,0.0034922179765999317,persistent_spread_only,0,learned,20480
-0.003,4.254856300354004,,3.325391338879351,0.9981905817985535,0.9986281394958496,0.9995067119598389,-0.0018110532546415925,-0.001372806029394269,-0.0004934197058901191,0.0256790490020139,0.08539288714528084,0.12784495949745178,0.06585671007633209,0.01350008137524128,persistent_spread_only,1,learned,1024
-0.003,4.251661658287048,,3.5730144941420074,0.9966885447502136,0.9972735643386841,0.9993209838867188,-0.003316974500194192,-0.00273016351275146,-0.0006792640197090805,0.02715006037488406,0.09700755923986434,0.1303345263004303,0.090858593583107,0.003811535192653537,persistent_spread_only,1,learned,2048
-0.003,4.248078417778015,,3.3574763311558384,0.9954451322555542,0.9953334927558899,0.9983620643615723,-0.0045652915723621845,-0.004677429795265198,-0.0016392753459513187,0.034001004410093474,0.1141575675457716,0.11210445314645767,0.1632407009601593,0.055169910192489624,persistent_spread_only,1,learned,3072
-0.003,4.244412183761597,,2.890338085874546,0.9943664073944092,0.9935606718063354,0.9983068704605103,-0.0056494977325201035,-0.006460158154368401,-0.0016945907846093178,0.038176328956539676,0.11034249756485223,0.10815303027629852,0.16082894802093506,-0.010414473712444305,persistent_spread_only,1,learned,4096
-0.003,4.241908013820648,,2.1980072013887217,0.9932031035423279,0.9923321604728699,0.9985415935516357,-0.0068201166577637196,-0.007697382476180792,-0.0014594963286072016,0.040246483238701426,0.08846205999143422,0.11606945842504501,0.09854836016893387,-0.012538952752947807,persistent_spread_only,1,learned,5120
-0.003,4.239764630794525,,3.023145699143565,0.9912638068199158,0.9910745620727539,0.9994047284126282,-0.008774581365287304,-0.008965480141341686,-0.0005954507505521178,0.044084842354735664,0.13327490156516433,0.21844609081745148,0.11832640320062637,-0.04642026498913765,persistent_spread_only,1,learned,6144
-0.003,4.237094962596894,,3.1511877992051516,0.9896300435066223,0.9893255233764648,0.9999036192893982,-0.010424111969769001,-0.010731840506196022,-9.638457413529977e-05,0.04083597503817518,0.12868182631209493,0.15684452652931213,0.16601046919822693,-0.016773955896496773,persistent_spread_only,1,learned,7168
-0.003,4.234722697734833,,1.9497965052809678,0.988501787185669,0.9882996678352356,1.000679850578308,-0.011564835906028748,-0.011769342236220837,0.0006795664667151868,0.04065813737089145,0.07927509415894747,0.10217581689357758,0.06837500631809235,-0.04324035719037056,persistent_spread_only,1,learned,8192
-0.003,4.2333001613616945,,2.484217561819403,0.987650990486145,0.9865846037864685,1.00124990940094,-0.012425904162228107,-0.013506210409104824,0.0012490833178162575,0.04157689715591869,0.10328605808317662,0.07682309299707413,0.17449527978897095,-0.01586451195180416,persistent_spread_only,1,learned,9216
-0.003,4.230838549137116,,2.819011412591825,0.9862468838691711,0.985066831111908,1.0015889406204224,-0.013848536647856236,-0.015045776031911373,0.0015876507386565208,0.040855112331695906,0.11517102792859077,0.15994444489479065,0.13026519119739532,-0.019748013466596603,persistent_spread_only,1,learned,10240
-0.003,4.228606975078582,,2.5860984278312804,0.9844905734062195,0.9840376973152161,1.0025324821472168,-0.015630966052412987,-0.016091084107756615,0.002529288176447153,0.044526578339080095,0.11515011424198747,0.1756688356399536,0.08107800781726837,-0.04647015407681465,persistent_spread_only,1,learned,11264
-0.003,4.226552557945252,,2.1114504157665905,0.9828733205795288,0.9829729199409485,1.0029817819595337,-0.017275040969252586,-0.017173731699585915,0.002977389609441161,0.046375014737547994,0.09791854415088892,0.1450967937707901,0.08488274365663528,-0.014589312486350536,persistent_spread_only,1,learned,12288
-0.003,4.224472010135651,,1.8011658178744276,0.9819068908691406,0.9820916056632996,1.0031520128250122,-0.018258804455399513,-0.01807069033384323,0.003147006966173649,0.04184171621556045,0.0753638690104708,0.07787972688674927,0.07147898524999619,-0.005578100215643644,persistent_spread_only,1,learned,13312
-0.003,4.222679579257965,,2.244849404357101,0.9805060625076294,0.9810770153999329,1.0035732984542847,-0.01968645676970482,-0.019104303792119026,0.00356696336530149,0.04500609806868043,0.10103191244415939,0.13906517624855042,0.08458361774682999,-0.023245107382535934,persistent_spread_only,1,learned,14336
-0.003,4.22002637386322,,2.7529828475523415,0.9795622229576111,0.9789552688598633,1.0032627582550049,-0.020649533718824387,-0.02126932330429554,0.003257429227232933,0.04377414408416504,0.12050946783274412,0.07412733882665634,0.20091331005096436,0.028590019792318344,persistent_spread_only,1,learned,15360
-0.003,4.216681158542633,,2.3104066965739927,0.978611946105957,0.9768076539039612,1.003511667251587,-0.02162010595202446,-0.023465510457754135,0.0035054683685302734,0.04739436360846737,0.10950025506317615,0.08651278167963028,0.17148162424564362,-0.023762540891766548,persistent_spread_only,1,learned,16384
-0.003,4.213926208019257,,2.88239423591059,0.977298378944397,0.9747698903083801,1.0042728185653687,-0.02296324260532856,-0.025553863495588303,0.004263672512024641,0.04086981963187495,0.1178029325325042,0.12570253014564514,0.16860391199588776,-0.034984033554792404,persistent_spread_only,1,learned,17408
-0.003,4.211091077327728,,2.5883748569513347,0.9757105112075806,0.9731043577194214,1.004464030265808,-0.02458937093615532,-0.027263948693871498,0.004454089794307947,0.044648854513851935,0.11556797241792083,0.14194682240486145,0.1385825276374817,0.00027316389605402946,persistent_spread_only,1,learned,18432
-0.003,4.207806253433228,,2.707075105032935,0.9737823605537415,0.9712827801704407,1.0052789449691772,-0.02656746655702591,-0.029137631878256798,0.0052651092410087585,0.0472358079221288,0.12787087969481944,0.16771939396858215,0.14831602573394775,-0.04328015074133873,persistent_spread_only,1,learned,19456
-0.003,4.204129076004028,,2.902484500067812,0.9716271758079529,0.9692729711532593,1.0046213865280151,-0.028783127665519714,-0.03120899759232998,0.0046107894740998745,0.052076518908626225,0.15115128895267843,0.19506283104419708,0.17805293202400208,0.047319669276475906,persistent_spread_only,1,learned,20480
-0.003,4.255388498306274,,3.9437832218235442,0.9982333183288574,0.9984701871871948,1.000596284866333,-0.0017682472243905067,-0.0015309547306969762,0.0005961116985417902,0.03104108999641527,0.12241932991892099,0.19582673907279968,0.10846894979476929,-0.02018241584300995,persistent_spread_only,2,learned,1024
-0.003,4.253335249423981,,2.7591163542440547,0.9972434043884277,0.997255265712738,1.0013729333877563,-0.002760389121249318,-0.0027485094033181667,0.001372021622955799,0.03177003106162744,0.087657212279737,0.09473563730716705,0.11628778278827667,-0.03303544968366623,persistent_spread_only,2,learned,2048
-0.003,4.252488923072815,,2.4470058313541045,0.9963794350624084,0.9966146349906921,1.0025134086608887,-0.0036271403077989817,-0.0033911284990608692,0.0025103059597313404,0.03675628715447221,0.08994284900836647,0.11320202052593231,0.04821285605430603,-0.06085851043462753,persistent_spread_only,2,learned,3072
-0.003,4.251475059986115,,2.430229141145525,0.9952822923660278,0.9955354332923889,1.0027148723602295,-0.004728857893496752,-0.004474562127143145,0.0027111386880278587,0.04705045812095282,0.11434339443221689,0.14154213666915894,0.10677436739206314,0.004915542900562286,persistent_spread_only,2,learned,4096
-0.003,4.248921191692352,,2.4111151228022645,0.9944416880607605,0.9938803315162659,1.002280354499817,-0.005573830101639032,-0.006138465367257595,0.002277775900438428,0.04376191220665411,0.10551500832661986,0.08981530368328094,0.17043618857860565,0.030579114332795143,persistent_spread_only,2,learned,5120
-0.003,4.246303129196167,,2.809709234765328,0.9934625029563904,0.9923747181892395,1.002698302268982,-0.006558982655405998,-0.007654478307813406,0.002694705966860056,0.04066628953768121,0.11426044926047325,0.12539684772491455,0.1437554657459259,-0.03832271322607994,persistent_spread_only,2,learned,6144
-0.003,4.244253778457642,,2.0891517916078666,0.9924555420875549,0.9914025068283081,1.0025676488876343,-0.007573047187179327,-0.008634673431515694,0.0025643270928412676,0.04290931321059664,0.08964406857267022,0.10948196798563004,0.07835468649864197,0.01974528655409813,persistent_spread_only,2,learned,7168
-0.003,4.241674482822418,,2.6495377700022145,0.9911658763885498,0.9909715056419373,1.001101016998291,-0.00887336302548647,-0.009069513529539108,0.0011004258412867785,0.03841657572692857,0.10178616838529705,0.15817174315452576,0.025006592273712158,0.09805487096309662,persistent_spread_only,2,learned,8192
-0.003,4.238820815086365,,1.7602815357333919,0.9900115728378296,0.9901846647262573,1.000949501991272,-0.010038627311587334,-0.009863835759460926,0.0009490225929766893,0.04715554420576562,0.08300703377462923,0.11180189996957779,0.08063144981861115,-0.016717733815312386,persistent_spread_only,2,learned,9216
-0.003,4.236849915981293,,2.89210518898291,0.9887994527816772,0.9883173108100891,1.0018558502197266,-0.01126375887542963,-0.011751477606594563,0.0018541415920481086,0.044457191315234366,0.12857487369328738,0.130684033036232,0.1862100511789322,-0.053904734551906586,persistent_spread_only,2,learned,10240
-0.003,4.234056234359741,,2.282449341352276,0.9874920845031738,0.9866898059844971,1.0014193058013916,-0.012586821801960468,-0.01339956745505333,0.001418342930264771,0.0480549385963822,0.10968296295031905,0.12285183370113373,0.12619300186634064,0.03998197615146637,persistent_spread_only,2,learned,11264
-0.003,4.23031667470932,,2.695251656507596,0.9855114221572876,0.9856193661689758,1.0004674196243286,-0.014594570733606815,-0.014485061168670654,0.0004672970389947295,0.04691705696753452,0.12645327551290392,0.2147686779499054,0.07954100519418716,0.05077321454882622,persistent_spread_only,2,learned,12288
-0.003,4.226849329471588,,1.6139128750222125,0.9842946529388428,0.9844934344291687,1.000299334526062,-0.01582999899983406,-0.01562805473804474,0.00029925908893346786,0.05509318118025917,0.08891559443436563,0.09807027876377106,0.09782006591558456,-0.0061263726092875,persistent_spread_only,2,learned,13312
-0.003,4.224170982837677,,2.5155087773240745,0.9828511476516724,0.9827548861503601,1.0003564357757568,-0.017297567799687386,-0.017395544797182083,0.0003564170910976827,0.04889091754878174,0.12298553222790361,0.15456613898277283,0.1641688495874405,-0.0023716213181614876,persistent_spread_only,2,learned,14336
-0.003,4.220835983753204,,2.8956248485511864,0.9811583161354065,0.9807508587837219,1.0006219148635864,-0.019021477550268173,-0.01943681575357914,0.0006217685295268893,0.04594469938461032,0.13303861320018767,0.1669778674840927,0.1730056256055832,-0.012241709046065807,persistent_spread_only,2,learned,15360
-0.003,4.21710786819458,,2.1791731912722057,0.979320228099823,0.9794451594352722,0.9998903870582581,-0.020896578207612038,-0.020769037306308746,-0.00010960727377096191,0.05113954934425623,0.11144193494692445,0.17205168306827545,0.08838672935962677,0.04609431326389313,persistent_spread_only,2,learned,16384
-0.003,4.213238191604614,,2.6698629586920037,0.9777922034263611,0.9778485298156738,0.9994414448738098,-0.022458083927631378,-0.022400502115488052,-0.000558689353056252,0.042696945004324624,0.11399499191902578,0.13992507755756378,0.1402105987071991,0.011586717329919338,persistent_spread_only,2,learned,17408
-0.003,4.209956371784211,,1.9260820628922237,0.9763169884681702,0.9768891930580139,0.9991640448570251,-0.023967968299984932,-0.0233820378780365,-0.0008362926309928298,0.04860189358103446,0.09361123545095325,0.13777710497379303,0.061639636754989624,0.00997992418706417,persistent_spread_only,2,learned,18432
-0.003,4.207392776012421,,1.7387240834104813,0.9749746322631836,0.9758355021476746,0.9990516901016235,-0.025343799963593483,-0.02446124702692032,-0.0009487525676377118,0.052900301070639866,0.09197902749292552,0.11850670725107193,0.08820553123950958,0.007801116909831762,persistent_spread_only,2,learned,19456
-0.003,4.2047455430030825,,1.6990701817857405,0.9737440347671509,0.9747294187545776,0.9987473487854004,-0.026606809347867966,-0.025595378130674362,-0.0012534448178485036,0.05060129580251031,0.08597515285946429,0.11403043568134308,0.08379851281642914,0.01722005009651184,persistent_spread_only,2,learned,20480
-0.003,4.255608129501343,,3.5699989873588973,0.9985541701316833,0.9985529184341431,1.0004031658172607,-0.0014468752779066563,-0.001448136754333973,0.00040306858136318624,0.019732506089178235,0.07044502675998957,0.06388311088085175,0.08437789976596832,-0.014638392254710197,persistent_spread_only,3,learned,1024
-0.003,4.25291805267334,,4.349964140669769,0.9968944191932678,0.9967702031135559,1.00094735622406,-0.0031103859655559063,-0.003235024865716696,0.000946931482758373,0.024603262802962836,0.10702331094071268,0.10280940681695938,0.1511906087398529,-0.02487979456782341,persistent_spread_only,3,learned,2048
-0.003,4.249961686134339,,2.996144400049901,0.9953719973564148,0.9953939914703369,1.000931978225708,-0.004638725891709328,-0.004616620484739542,0.000931486370973289,0.03382456645975916,0.10134328538551926,0.11652962118387222,0.12111945450305939,0.006954665295779705,persistent_spread_only,3,learned,3072
-0.003,4.246791923046112,,2.8408727598698262,0.9936813712120056,0.9941264986991882,1.0003814697265625,-0.006338656879961491,-0.005890825763344765,0.0003813473740592599,0.03921735194897045,0.11141150686889886,0.1432119905948639,0.11991548538208008,0.034759800881147385,persistent_spread_only,3,learned,4096
-0.003,4.243333625793457,,2.714427814521501,0.9921318292617798,0.9924976229667664,1.000123143196106,-0.007899276912212372,-0.00753068970516324,0.00012314571358729154,0.04469465092972076,0.12132040364667773,0.12148262560367584,0.16663922369480133,0.01821710541844368,persistent_spread_only,3,learned,5120
-0.003,4.240086007118225,,2.483062774192032,0.9908943176269531,0.9905586838722229,1.0005158185958862,-0.009147408418357372,-0.00948617234826088,0.00051574019016698,0.0449551795164773,0.11162653276696802,0.08944641053676605,0.18905320763587952,-0.03346896916627884,persistent_spread_only,3,learned,6144
-0.003,4.237710690498352,,2.3097675107191407,0.9896920919418335,0.9891628623008728,1.0012065172195435,-0.010361392050981522,-0.010896284133195877,0.0012057736748829484,0.044782938668564753,0.10343817677348852,0.10066530853509903,0.12505221366882324,-0.039347998797893524,persistent_spread_only,3,learned,7168
-0.003,4.235101711750031,,3.256209724847587,0.9879238605499268,0.9877781271934509,1.0006455183029175,-0.012149669229984283,-0.01229714322835207,0.0006453537498600781,0.040009683994069,0.13027992211282252,0.1650366485118866,0.14834800362586975,0.04798562452197075,persistent_spread_only,3,learned,8192
-0.003,4.231307411193848,,2.4357750905924425,0.9862708449363708,0.9863632321357727,1.0004241466522217,-0.013824262656271458,-0.013730612583458424,0.00042401617974974215,0.044552751564470285,0.10852048248052597,0.12696939706802368,0.13666795194149017,0.0019700261764228344,persistent_spread_only,3,learned,9216
-0.003,4.228388261795044,,2.3866345236801387,0.9848534464836121,0.9849485158920288,1.0007388591766357,-0.015262448228895664,-0.015165922231972218,0.000738549861125648,0.04352701282498322,0.10388307152315975,0.11533685028553009,0.14050355553627014,-0.02290145680308342,persistent_spread_only,3,learned,10240
-0.003,4.225260555744171,,2.791996253401376,0.9830078482627869,0.98378586769104,0.9997187256813049,-0.017138177528977394,-0.01634703017771244,-0.0002813159371726215,0.040040782312639106,0.11179371420294046,0.15627290308475494,0.10042007267475128,0.06662657856941223,persistent_spread_only,3,learned,11264
-0.003,4.22165994644165,,1.9043858400832654,0.9816103577613831,0.9829204678535461,0.9995031952857971,-0.01856081187725067,-0.01722707785665989,-0.0004969039000570774,0.04853353344179429,0.09242657385766506,0.1032056212425232,0.07773259282112122,-0.0056082746013998985,persistent_spread_only,3,learned,12288
-0.003,4.219106459617615,,2.204438776854415,0.9803727269172668,0.9814791083335876,0.9991813898086548,-0.01982242241501808,-0.018694566562771797,-0.000818929634988308,0.04730445084653688,0.104279765766114,0.10048018395900726,0.1477995216846466,0.023436715826392174,persistent_spread_only,3,learned,13312
-0.003,4.215531718730927,,2.8535434351935067,0.9781452417373657,0.9800898432731628,0.99870765209198,-0.022097118198871613,-0.020111024379730225,-0.0012931632809340954,0.044257697830370465,0.1262912631034851,0.20427736639976501,0.12160389125347137,0.02344614639878273,persistent_spread_only,3,learned,14336
-0.003,4.212175273895264,,3.11341175442029,0.9761279821395874,0.9785810708999634,1.0003172159194946,-0.024161553010344505,-0.02165163680911064,0.00031714222859591246,0.042791149713794774,0.1332264685072005,0.15073639154434204,0.13522538542747498,-0.09715615957975388,persistent_spread_only,3,learned,15360
-0.003,4.209447085857391,,2.8192282746415285,0.9745485186576843,0.9773010015487671,0.9990958571434021,-0.025780944153666496,-0.022960593923926353,-0.0009045461192727089,0.04386918288504586,0.12367724077776074,0.12672288715839386,0.11036519706249237,0.09979875385761261,persistent_spread_only,3,learned,16384
-0.003,4.205618691444397,,2.3651140086495523,0.9733249545097351,0.9757078289985657,0.9991024136543274,-0.027037305757403374,-0.024592071771621704,-0.0008979974663816392,0.04162795348503613,0.09845485594123601,0.0935889333486557,0.14744117856025696,-0.027084380388259888,persistent_spread_only,3,learned,17408
-0.003,4.202725768089294,,2.1662525225598506,0.9716045260429382,0.9744020700454712,0.9989923238754272,-0.0288064107298851,-0.02593126706779003,-0.001008212217129767,0.048518909946634846,0.1051042110659182,0.14959707856178284,0.10329955816268921,0.009465942159295082,persistent_spread_only,3,learned,18432
-0.003,4.199452364444733,,2.2284766029728913,0.9694710373878479,0.9731565713882446,0.9990789294242859,-0.031004665419459343,-0.0272102952003479,-0.0009215148165822029,0.0511579331731721,0.11400425713509321,0.18457026779651642,0.1050218939781189,-0.0025685462169349194,persistent_spread_only,3,learned,19456
-0.003,4.196293103694916,,1.6039016557630787,0.9682443737983704,0.9717543721199036,0.9989680051803589,-0.032270800322294235,-0.028652189299464226,-0.001032517058774829,0.05190150601869079,0.08324491144157946,0.07469143718481064,0.12605497241020203,0.009058287367224693,persistent_spread_only,3,learned,20480
-0.003,4.25535774230957,,2.7745785582138915,0.9984658360481262,0.9983605742454529,1.0004485845565796,-0.0015353269409388304,-0.0016407901421189308,0.0004484255623538047,0.030672343610876496,0.08510282691568136,0.08865882456302643,0.10779190063476562,-0.01441304199397564,persistent_spread_only,4,learned,1024
-0.003,4.252553462982178,,2.2831938739123396,0.9974744915962219,0.9974100589752197,0.9992809295654297,-0.002528709126636386,-0.00259332824498415,-0.0007193498895503581,0.036245933647150355,0.08275649365969003,0.06450758874416351,0.050742097198963165,0.07554861158132553,persistent_spread_only,4,learned,2048
-0.003,4.249766182899475,,2.6935958296688596,0.9963770508766174,0.9958823919296265,0.999510645866394,-0.003629544749855995,-0.004126130137592554,-0.0004894915618933737,0.037153157774581246,0.1000755908433348,0.08759623765945435,0.14359405636787415,-0.04014279693365097,persistent_spread_only,4,learned,3072
-0.003,4.247389090061188,,2.3361100763091907,0.9948863983154297,0.9945746660232544,0.9999407529830933,-0.005126727744936943,-0.0054400828666985035,-5.927591701038182e-05,0.04182228710231807,0.09770146631635726,0.12240967899560928,0.1030302420258522,-0.02330118790268898,persistent_spread_only,4,learned,4096
-0.003,4.244623446464539,,2.1248740199462572,0.9935768246650696,0.9934725165367126,0.9989984631538391,-0.006443879101425409,-0.006548901554197073,-0.0010020240442827344,0.04668488514098675,0.09919949956238269,0.11016156524419785,0.09493737667798996,0.08298970758914948,persistent_spread_only,4,learned,5120
-0.003,4.241195285320282,,2.62673179705905,0.9924784302711487,0.9917274713516235,0.9986639022827148,-0.007549989968538284,-0.008306951262056828,-0.0013370137894526124,0.04126505848194259,0.10839224122464657,0.08674237877130508,0.1811772733926773,0.005078550428152084,persistent_spread_only,4,learned,6144
-0.003,4.2376250386238095,,3.198472180625378,0.9908403754234314,0.9898195266723633,0.997948944568634,-0.009201843291521072,-0.01023264043033123,-0.0020531907211989164,0.04300793962161771,0.13755969842895865,0.14959833025932312,0.18703734874725342,0.055489808320999146,persistent_spread_only,4,learned,7168
-0.003,4.233518457412719,,2.2690996841030127,0.9900448322296143,0.9877886772155762,0.9973784685134888,-0.010005030781030655,-0.012286463752388954,-0.002624987857416272,0.048283046451379125,0.10955904545262456,0.04521441459655762,0.20970436930656433,0.026613807305693626,persistent_spread_only,4,learned,8192
-0.003,4.229811978340149,,2.9090896065607277,0.9878848791122437,0.9867558479309082,0.9961128830909729,-0.012189121916890144,-0.013332661241292953,-0.0038946685381233692,0.04704933762961054,0.13687073909677566,0.22836081683635712,0.07942032814025879,0.09303567558526993,persistent_spread_only,4,learned,9216
-0.003,4.225477945804596,,2.9023726904062843,0.9859709739685059,0.9851678013801575,0.9959219694137573,-0.014128370210528374,-0.014943286776542664,-0.004086376633495092,0.04638889387320007,0.13463785871863365,0.16007556021213531,0.186115100979805,-0.010716423392295837,persistent_spread_only,4,learned,10240
-0.003,4.222044610977173,,2.117434311363184,0.9847040176391602,0.983930766582489,0.9952632188796997,-0.015414203517138958,-0.016199713572859764,-0.004748058505356312,0.047499445087280025,0.10057695480063558,0.09807618707418442,0.10312245041131973,0.05129013583064079,persistent_spread_only,4,learned,11264
-0.003,4.218879556655883,,2.362161650665289,0.9833572506904602,0.9829508066177368,0.9944609999656677,-0.016782816499471664,-0.017196174710989,-0.005554376635700464,0.04065916112249043,0.0960435111541301,0.12354280054569244,0.09095889329910278,0.042354434728622437,persistent_spread_only,4,learned,12288
-0.003,4.216231012344361,,2.222469120502209,0.9818382263183594,0.9820533394813538,0.994958221912384,-0.018328698351979256,-0.018109653145074844,-0.005054543726146221,0.04240462692302257,0.09424297390505672,0.13046608865261078,0.08215142786502838,-0.04561487212777138,persistent_spread_only,4,learned,13312
-0.003,4.214519369602203,,2.5417681654576194,0.9804693460464478,0.9807702302932739,0.995989203453064,-0.019723927602171898,-0.019417066127061844,-0.004018833860754967,0.042131145065589945,0.10708760330453515,0.1109195351600647,0.12676943838596344,-0.060386739671230316,persistent_spread_only,4,learned,14336
-0.003,4.212753462791443,,2.063555182552381,0.9792813658714294,0.9797897338867188,0.9963231086730957,-0.020936282351613045,-0.020417295396327972,-0.003683671122416854,0.04218550545179156,0.08705211840569974,0.09949877113103867,0.07825462520122528,-0.0061148377135396,persistent_spread_only,4,learned,15360
-0.003,4.210303699970245,,2.4795251417165147,0.9776096343994141,0.9785292744636536,0.9961307048797607,-0.022644812241196632,-0.021704554557800293,-0.003876790404319763,0.045364535987937646,0.11248250752687454,0.15595372021198273,0.12082792818546295,0.01622747629880905,persistent_spread_only,4,learned,16384
-0.003,4.206627464294433,,2.602254258901882,0.9758480787277222,0.9771924018859863,0.9953185319900513,-0.024448391050100327,-0.023071732372045517,-0.004692449234426022,0.04719361345152021,0.12280978159978986,0.1437951773405075,0.11624208837747574,0.04892290011048317,persistent_spread_only,4,learned,17408
-0.003,4.202972173690796,,2.0843614527895697,0.9743548631668091,0.9757175445556641,0.9950745701789856,-0.025979680940508842,-0.024582114070653915,-0.004937602207064629,0.05240358417677353,0.10922801084816455,0.12545688450336456,0.13572478294372559,0.006140379700809717,persistent_spread_only,4,learned,18432
-0.003,4.199958038330078,,2.0884675592520514,0.9730855822563171,0.9738059043884277,0.9957752227783203,-0.02728326804935932,-0.026543254032731056,-0.004233731422573328,0.05507219047980183,0.11501648323610425,0.10259945690631866,0.16838438808918,-0.0498427152633667,persistent_spread_only,4,learned,19456
-0.003,4.197887980937958,,1.5591492593169265,0.9725151062011719,0.9722824096679688,0.9961754083633423,-0.02786969766020775,-0.02810896560549736,-0.0038318957667797804,0.05209930743043699,0.08123059659264982,0.029430031776428223,0.12117204815149307,-0.00982427503913641,persistent_spread_only,4,learned,20480
0.0,4.256815433502197,1.0,0.0,1.0,1.0,1.0,0.0,0.0,0.0,0.018247568831765777,0.0,0.0,0.0,0.0,persistent_spread_only,0,1.0,1024
0.0,4.256815433502197,1.0,0.0,1.0,1.0,1.0,0.0,0.0,0.0,0.0238248627516894,0.0,0.0,0.0,0.0,persistent_spread_only,0,1.0,2048
0.0,4.256815433502197,1.0,0.0,1.0,1.0,1.0,0.0,0.0,0.0,0.028465252591661827,0.0,0.0,0.0,0.0,persistent_spread_only,0,1.0,3072
0.0,4.256815433502197,1.0,0.0,1.0,1.0,1.0,0.0,0.0,0.0,0.03236863749493131,0.0,0.0,0.0,0.0,persistent_spread_only,0,1.0,4096
0.0,4.256815433502197,1.0,0.0,1.0,1.0,1.0,0.0,0.0,0.0,0.042316918707139856,0.0,0.0,0.0,0.0,persistent_spread_only,0,1.0,5120
0.0,4.256815433502197,1.0,0.0,1.0,1.0,1.0,0.0,0.0,0.0,0.04674694440273227,0.0,0.0,0.0,0.0,persistent_spread_only,0,1.0,6144
0.0,4.256815433502197,1.0,0.0,1.0,1.0,1.0,0.0,0.0,0.0,0.04632737424765773,0.0,0.0,0.0,0.0,persistent_spread_only,0,1.0,7168
0.0,4.256815433502197,1.0,0.0,1.0,1.0,1.0,0.0,0.0,0.0,0.042752819782093984,0.0,0.0,0.0,0.0,persistent_spread_only,0,1.0,8192
0.0,4.256815433502197,1.0,0.0,1.0,1.0,1.0,0.0,0.0,0.0,0.04057810069641628,0.0,0.0,0.0,0.0,persistent_spread_only,0,1.0,9216
0.0,4.256815433502197,1.0,0.0,1.0,1.0,1.0,0.0,0.0,0.0,0.04679705201676562,0.0,0.0,0.0,0.0,persistent_spread_only,0,1.0,10240
0.0,4.256815433502197,1.0,0.0,1.0,1.0,1.0,0.0,0.0,0.0,0.04704084218118519,0.0,0.0,0.0,0.0,persistent_spread_only,0,1.0,11264
0.0,4.256815433502197,1.0,0.0,1.0,1.0,1.0,0.0,0.0,0.0,0.04553504007519374,0.0,0.0,0.0,0.0,persistent_spread_only,0,1.0,12288
0.0,4.256815433502197,1.0,0.0,1.0,1.0,1.0,0.0,0.0,0.0,0.05363269595008937,0.0,0.0,0.0,0.0,persistent_spread_only,0,1.0,13312
0.0,4.256815433502197,1.0,0.0,1.0,1.0,1.0,0.0,0.0,0.0,0.046713100762098024,0.0,0.0,0.0,0.0,persistent_spread_only,0,1.0,14336
0.0,4.256815433502197,1.0,0.0,1.0,1.0,1.0,0.0,0.0,0.0,0.04069989795413655,0.0,0.0,0.0,0.0,persistent_spread_only,0,1.0,15360
0.0,4.256815433502197,1.0,0.0,1.0,1.0,1.0,0.0,0.0,0.0,0.041437461794306914,0.0,0.0,0.0,0.0,persistent_spread_only,0,1.0,16384
0.0,4.256815433502197,1.0,0.0,1.0,1.0,1.0,0.0,0.0,0.0,0.04682258469253131,0.0,0.0,0.0,0.0,persistent_spread_only,0,1.0,17408
0.0,4.256815433502197,1.0,0.0,1.0,1.0,1.0,0.0,0.0,0.0,0.047762311440584494,0.0,0.0,0.0,0.0,persistent_spread_only,0,1.0,18432
0.0,4.256815433502197,1.0,0.0,1.0,1.0,1.0,0.0,0.0,0.0,0.046942212430810995,0.0,0.0,0.0,0.0,persistent_spread_only,0,1.0,19456
0.0,4.256815433502197,1.0,0.0,1.0,1.0,1.0,0.0,0.0,0.0,0.048452395344715946,0.0,0.0,0.0,0.0,persistent_spread_only,0,1.0,20480
0.0,4.256815433502197,1.0,0.0,1.0,1.0,1.0,0.0,0.0,0.0,0.02564507932003573,0.0,0.0,0.0,0.0,persistent_spread_only,1,1.0,1024
0.0,4.256815433502197,1.0,0.0,1.0,1.0,1.0,0.0,0.0,0.0,0.02724767761780903,0.0,0.0,0.0,0.0,persistent_spread_only,1,1.0,2048
0.0,4.256815433502197,1.0,0.0,1.0,1.0,1.0,0.0,0.0,0.0,0.03379501114151261,0.0,0.0,0.0,0.0,persistent_spread_only,1,1.0,3072
0.0,4.256815433502197,1.0,0.0,1.0,1.0,1.0,0.0,0.0,0.0,0.03727379208454806,0.0,0.0,0.0,0.0,persistent_spread_only,1,1.0,4096
0.0,4.256815433502197,1.0,0.0,1.0,1.0,1.0,0.0,0.0,0.0,0.03986070404111876,0.0,0.0,0.0,0.0,persistent_spread_only,1,1.0,5120
0.0,4.256815433502197,1.0,0.0,1.0,1.0,1.0,0.0,0.0,0.0,0.04379102796637459,0.0,0.0,0.0,0.0,persistent_spread_only,1,1.0,6144
0.0,4.256815433502197,1.0,0.0,1.0,1.0,1.0,0.0,0.0,0.0,0.0396382568496184,0.0,0.0,0.0,0.0,persistent_spread_only,1,1.0,7168
0.0,4.256815433502197,1.0,0.0,1.0,1.0,1.0,0.0,0.0,0.0,0.040397866437122246,0.0,0.0,0.0,0.0,persistent_spread_only,1,1.0,8192
0.0,4.256815433502197,1.0,0.0,1.0,1.0,1.0,0.0,0.0,0.0,0.04134773440796751,0.0,0.0,0.0,0.0,persistent_spread_only,1,1.0,9216
0.0,4.256815433502197,1.0,0.0,1.0,1.0,1.0,0.0,0.0,0.0,0.04064998557493961,0.0,0.0,0.0,0.0,persistent_spread_only,1,1.0,10240
0.0,4.256815433502197,1.0,0.0,1.0,1.0,1.0,0.0,0.0,0.0,0.04674031988375769,0.0,0.0,0.0,0.0,persistent_spread_only,1,1.0,11264
0.0,4.256815433502197,1.0,0.0,1.0,1.0,1.0,0.0,0.0,0.0,0.045495786766935956,0.0,0.0,0.0,0.0,persistent_spread_only,1,1.0,12288
0.0,4.256815433502197,1.0,0.0,1.0,1.0,1.0,0.0,0.0,0.0,0.04367351317246736,0.0,0.0,0.0,0.0,persistent_spread_only,1,1.0,13312
0.0,4.256815433502197,1.0,0.0,1.0,1.0,1.0,0.0,0.0,0.0,0.04564857525465921,0.0,0.0,0.0,0.0,persistent_spread_only,1,1.0,14336
0.0,4.256815433502197,1.0,0.0,1.0,1.0,1.0,0.0,0.0,0.0,0.04298005533886617,0.0,0.0,0.0,0.0,persistent_spread_only,1,1.0,15360
0.0,4.256815433502197,1.0,0.0,1.0,1.0,1.0,0.0,0.0,0.0,0.04859557636976049,0.0,0.0,0.0,0.0,persistent_spread_only,1,1.0,16384
0.0,4.256815433502197,1.0,0.0,1.0,1.0,1.0,0.0,0.0,0.0,0.039265097083763044,0.0,0.0,0.0,0.0,persistent_spread_only,1,1.0,17408
0.0,4.256815433502197,1.0,0.0,1.0,1.0,1.0,0.0,0.0,0.0,0.04398299346734732,0.0,0.0,0.0,0.0,persistent_spread_only,1,1.0,18432
0.0,4.256815433502197,1.0,0.0,1.0,1.0,1.0,0.0,0.0,0.0,0.046450514973765754,0.0,0.0,0.0,0.0,persistent_spread_only,1,1.0,19456
0.0,4.256815433502197,1.0,0.0,1.0,1.0,1.0,0.0,0.0,0.0,0.04965348045405692,0.0,0.0,0.0,0.0,persistent_spread_only,1,1.0,20480
0.0,4.256815433502197,1.0,0.0,1.0,1.0,1.0,0.0,0.0,0.0,0.030974959180812354,0.0,0.0,0.0,0.0,persistent_spread_only,2,1.0,1024
0.0,4.256815433502197,1.0,0.0,1.0,1.0,1.0,0.0,0.0,0.0,0.031480570849219645,0.0,0.0,0.0,0.0,persistent_spread_only,2,1.0,2048
0.0,4.256815433502197,1.0,0.0,1.0,1.0,1.0,0.0,0.0,0.0,0.036777534968208826,0.0,0.0,0.0,0.0,persistent_spread_only,2,1.0,3072
0.0,4.256815433502197,1.0,0.0,1.0,1.0,1.0,0.0,0.0,0.0,0.047033385664403404,0.0,0.0,0.0,0.0,persistent_spread_only,2,1.0,4096
0.0,4.256815433502197,1.0,0.0,1.0,1.0,1.0,0.0,0.0,0.0,0.043425813720932405,0.0,0.0,0.0,0.0,persistent_spread_only,2,1.0,5120
0.0,4.256815433502197,1.0,0.0,1.0,1.0,1.0,0.0,0.0,0.0,0.0400821459828725,0.0,0.0,0.0,0.0,persistent_spread_only,2,1.0,6144
0.0,4.256815433502197,1.0,0.0,1.0,1.0,1.0,0.0,0.0,0.0,0.042903459110163175,0.0,0.0,0.0,0.0,persistent_spread_only,2,1.0,7168
0.0,4.256815433502197,1.0,0.0,1.0,1.0,1.0,0.0,0.0,0.0,0.03769355010381391,0.0,0.0,0.0,0.0,persistent_spread_only,2,1.0,8192
0.0,4.256815433502197,1.0,0.0,1.0,1.0,1.0,0.0,0.0,0.0,0.045475614067147715,0.0,0.0,0.0,0.0,persistent_spread_only,2,1.0,9216
0.0,4.256815433502197,1.0,0.0,1.0,1.0,1.0,0.0,0.0,0.0,0.043697072672156376,0.0,0.0,0.0,0.0,persistent_spread_only,2,1.0,10240
0.0,4.256815433502197,1.0,0.0,1.0,1.0,1.0,0.0,0.0,0.0,0.04911703894557443,0.0,0.0,0.0,0.0,persistent_spread_only,2,1.0,11264
0.0,4.256815433502197,1.0,0.0,1.0,1.0,1.0,0.0,0.0,0.0,0.046147962129190465,0.0,0.0,0.0,0.0,persistent_spread_only,2,1.0,12288
0.0,4.256815433502197,1.0,0.0,1.0,1.0,1.0,0.0,0.0,0.0,0.053334175417533124,0.0,0.0,0.0,0.0,persistent_spread_only,2,1.0,13312
0.0,4.256815433502197,1.0,0.0,1.0,1.0,1.0,0.0,0.0,0.0,0.04793852625726378,0.0,0.0,0.0,0.0,persistent_spread_only,2,1.0,14336
0.0,4.256815433502197,1.0,0.0,1.0,1.0,1.0,0.0,0.0,0.0,0.04463823874530548,0.0,0.0,0.0,0.0,persistent_spread_only,2,1.0,15360
0.0,4.256815433502197,1.0,0.0,1.0,1.0,1.0,0.0,0.0,0.0,0.04986049078631997,0.0,0.0,0.0,0.0,persistent_spread_only,2,1.0,16384
0.0,4.256815433502197,1.0,0.0,1.0,1.0,1.0,0.0,0.0,0.0,0.040842025866792406,0.0,0.0,0.0,0.0,persistent_spread_only,2,1.0,17408
0.0,4.256815433502197,1.0,0.0,1.0,1.0,1.0,0.0,0.0,0.0,0.04828911060092901,0.0,0.0,0.0,0.0,persistent_spread_only,2,1.0,18432
0.0,4.256815433502197,1.0,0.0,1.0,1.0,1.0,0.0,0.0,0.0,0.051806534349739586,0.0,0.0,0.0,0.0,persistent_spread_only,2,1.0,19456
0.0,4.256815433502197,1.0,0.0,1.0,1.0,1.0,0.0,0.0,0.0,0.048503889153130475,0.0,0.0,0.0,0.0,persistent_spread_only,2,1.0,20480
0.0,4.256815433502197,1.0,0.0,1.0,1.0,1.0,0.0,0.0,0.0,0.019781324697052034,0.0,0.0,0.0,0.0,persistent_spread_only,3,1.0,1024
0.0,4.256815433502197,1.0,0.0,1.0,1.0,1.0,0.0,0.0,0.0,0.02461110706140327,0.0,0.0,0.0,0.0,persistent_spread_only,3,1.0,2048
0.0,4.256815433502197,1.0,0.0,1.0,1.0,1.0,0.0,0.0,0.0,0.03481495564660944,0.0,0.0,0.0,0.0,persistent_spread_only,3,1.0,3072
0.0,4.256815433502197,1.0,0.0,1.0,1.0,1.0,0.0,0.0,0.0,0.04032235827910606,0.0,0.0,0.0,0.0,persistent_spread_only,3,1.0,4096
0.0,4.256815433502197,1.0,0.0,1.0,1.0,1.0,0.0,0.0,0.0,0.04497084807152781,0.0,0.0,0.0,0.0,persistent_spread_only,3,1.0,5120
0.0,4.256815433502197,1.0,0.0,1.0,1.0,1.0,0.0,0.0,0.0,0.04473717699954395,0.0,0.0,0.0,0.0,persistent_spread_only,3,1.0,6144
0.0,4.256815433502197,1.0,0.0,1.0,1.0,1.0,0.0,0.0,0.0,0.04367947986992088,0.0,0.0,0.0,0.0,persistent_spread_only,3,1.0,7168
0.0,4.256815433502197,1.0,0.0,1.0,1.0,1.0,0.0,0.0,0.0,0.040767784428392594,0.0,0.0,0.0,0.0,persistent_spread_only,3,1.0,8192
0.0,4.256815433502197,1.0,0.0,1.0,1.0,1.0,0.0,0.0,0.0,0.044211279026724296,0.0,0.0,0.0,0.0,persistent_spread_only,3,1.0,9216
0.0,4.256815433502197,1.0,0.0,1.0,1.0,1.0,0.0,0.0,0.0,0.042375599940448774,0.0,0.0,0.0,0.0,persistent_spread_only,3,1.0,10240
0.0,4.256815433502197,1.0,0.0,1.0,1.0,1.0,0.0,0.0,0.0,0.03922246722383702,0.0,0.0,0.0,0.0,persistent_spread_only,3,1.0,11264
0.0,4.256815433502197,1.0,0.0,1.0,1.0,1.0,0.0,0.0,0.0,0.046829081258474424,0.0,0.0,0.0,0.0,persistent_spread_only,3,1.0,12288
0.0,4.256815433502197,1.0,0.0,1.0,1.0,1.0,0.0,0.0,0.0,0.048045334248439965,0.0,0.0,0.0,0.0,persistent_spread_only,3,1.0,13312
0.0,4.256815433502197,1.0,0.0,1.0,1.0,1.0,0.0,0.0,0.0,0.044067991110248596,0.0,0.0,0.0,0.0,persistent_spread_only,3,1.0,14336
0.0,4.256815433502197,1.0,0.0,1.0,1.0,1.0,0.0,0.0,0.0,0.03916042481021213,0.0,0.0,0.0,0.0,persistent_spread_only,3,1.0,15360
0.0,4.256815433502197,1.0,0.0,1.0,1.0,1.0,0.0,0.0,0.0,0.0459771741530707,0.0,0.0,0.0,0.0,persistent_spread_only,3,1.0,16384
0.0,4.256815433502197,1.0,0.0,1.0,1.0,1.0,0.0,0.0,0.0,0.03456505171800015,0.0,0.0,0.0,0.0,persistent_spread_only,3,1.0,17408
0.0,4.256815433502197,1.0,0.0,1.0,1.0,1.0,0.0,0.0,0.0,0.048419002968100436,0.0,0.0,0.0,0.0,persistent_spread_only,3,1.0,18432
0.0,4.256815433502197,1.0,0.0,1.0,1.0,1.0,0.0,0.0,0.0,0.0499188284813058,0.0,0.0,0.0,0.0,persistent_spread_only,3,1.0,19456
0.0,4.256815433502197,1.0,0.0,1.0,1.0,1.0,0.0,0.0,0.0,0.05062028489084056,0.0,0.0,0.0,0.0,persistent_spread_only,3,1.0,20480
0.0,4.256815433502197,1.0,0.0,1.0,1.0,1.0,0.0,0.0,0.0,0.030567675068414013,0.0,0.0,0.0,0.0,persistent_spread_only,4,1.0,1024
0.0,4.256815433502197,1.0,0.0,1.0,1.0,1.0,0.0,0.0,0.0,0.03645178468803719,0.0,0.0,0.0,0.0,persistent_spread_only,4,1.0,2048
0.0,4.256815433502197,1.0,0.0,1.0,1.0,1.0,0.0,0.0,0.0,0.0367014032167693,0.0,0.0,0.0,0.0,persistent_spread_only,4,1.0,3072
0.0,4.256815433502197,1.0,0.0,1.0,1.0,1.0,0.0,0.0,0.0,0.0414322582210007,0.0,0.0,0.0,0.0,persistent_spread_only,4,1.0,4096
0.0,4.256815433502197,1.0,0.0,1.0,1.0,1.0,0.0,0.0,0.0,0.04663856786539254,0.0,0.0,0.0,0.0,persistent_spread_only,4,1.0,5120
0.0,4.256815433502197,1.0,0.0,1.0,1.0,1.0,0.0,0.0,0.0,0.04038915692607543,0.0,0.0,0.0,0.0,persistent_spread_only,4,1.0,6144
0.0,4.256815433502197,1.0,0.0,1.0,1.0,1.0,0.0,0.0,0.0,0.0428911523207365,0.0,0.0,0.0,0.0,persistent_spread_only,4,1.0,7168
0.0,4.256815433502197,1.0,0.0,1.0,1.0,1.0,0.0,0.0,0.0,0.047535442729056576,0.0,0.0,0.0,0.0,persistent_spread_only,4,1.0,8192
0.0,4.256815433502197,1.0,0.0,1.0,1.0,1.0,0.0,0.0,0.0,0.04691323004228132,0.0,0.0,0.0,0.0,persistent_spread_only,4,1.0,9216
0.0,4.256815433502197,1.0,0.0,1.0,1.0,1.0,0.0,0.0,0.0,0.04639989308748351,0.0,0.0,0.0,0.0,persistent_spread_only,4,1.0,10240
0.0,4.256815433502197,1.0,0.0,1.0,1.0,1.0,0.0,0.0,0.0,0.047949151893360145,0.0,0.0,0.0,0.0,persistent_spread_only,4,1.0,11264
0.0,4.256815433502197,1.0,0.0,1.0,1.0,1.0,0.0,0.0,0.0,0.041186524926770565,0.0,0.0,0.0,0.0,persistent_spread_only,4,1.0,12288
0.0,4.256815433502197,1.0,0.0,1.0,1.0,1.0,0.0,0.0,0.0,0.04367600036277671,0.0,0.0,0.0,0.0,persistent_spread_only,4,1.0,13312
0.0,4.256815433502197,1.0,0.0,1.0,1.0,1.0,0.0,0.0,0.0,0.040370116218919685,0.0,0.0,0.0,0.0,persistent_spread_only,4,1.0,14336
0.0,4.256815433502197,1.0,0.0,1.0,1.0,1.0,0.0,0.0,0.0,0.04188791564031565,0.0,0.0,0.0,0.0,persistent_spread_only,4,1.0,15360
0.0,4.256815433502197,1.0,0.0,1.0,1.0,1.0,0.0,0.0,0.0,0.04476600809254709,0.0,0.0,0.0,0.0,persistent_spread_only,4,1.0,16384
0.0,4.256815433502197,1.0,0.0,1.0,1.0,1.0,0.0,0.0,0.0,0.04715258228476612,0.0,0.0,0.0,0.0,persistent_spread_only,4,1.0,17408
0.0,4.256815433502197,1.0,0.0,1.0,1.0,1.0,0.0,0.0,0.0,0.050375031069979245,0.0,0.0,0.0,0.0,persistent_spread_only,4,1.0,18432
0.0,4.256815433502197,1.0,0.0,1.0,1.0,1.0,0.0,0.0,0.0,0.05330434304386637,0.0,0.0,0.0,0.0,persistent_spread_only,4,1.0,19456
0.0,4.256815433502197,1.0,0.0,1.0,1.0,1.0,0.0,0.0,0.0,0.049773858610332865,0.0,0.0,0.0,0.0,persistent_spread_only,4,1.0,20480
0.0,2.1773738861083984,0.5,0.0,0.5,0.5,0.5,-0.6931471824645996,-0.6931471824645996,-0.6931471824645996,0.043881222298405055,0.0,0.0,0.0,0.0,persistent_spread_only,0,0.5,1024
0.0,2.1773738861083984,0.5,0.0,0.5,0.5,0.5,-0.6931471824645996,-0.6931471824645996,-0.6931471824645996,0.045181772054865205,0.0,0.0,0.0,0.0,persistent_spread_only,0,0.5,2048
0.0,2.1773738861083984,0.5,0.0,0.5,0.5,0.5,-0.6931471824645996,-0.6931471824645996,-0.6931471824645996,0.06596493604103763,0.0,0.0,0.0,0.0,persistent_spread_only,0,0.5,3072
0.0,2.1773738861083984,0.5,0.0,0.5,0.5,0.5,-0.6931471824645996,-0.6931471824645996,-0.6931471824645996,0.07731731062327378,0.0,0.0,0.0,0.0,persistent_spread_only,0,0.5,4096
0.0,2.1773738861083984,0.5,0.0,0.5,0.5,0.5,-0.6931471824645996,-0.6931471824645996,-0.6931471824645996,0.07677982465089836,0.0,0.0,0.0,0.0,persistent_spread_only,0,0.5,5120
0.0,2.1773738861083984,0.5,0.0,0.5,0.5,0.5,-0.6931471824645996,-0.6931471824645996,-0.6931471824645996,0.08168614225404099,0.0,0.0,0.0,0.0,persistent_spread_only,0,0.5,6144
0.0,2.1773738861083984,0.5,0.0,0.5,0.5,0.5,-0.6931471824645996,-0.6931471824645996,-0.6931471824645996,0.09937289269972019,0.0,0.0,0.0,0.0,persistent_spread_only,0,0.5,7168
0.0,2.1773738861083984,0.5,0.0,0.5,0.5,0.5,-0.6931471824645996,-0.6931471824645996,-0.6931471824645996,0.09224017475732879,0.0,0.0,0.0,0.0,persistent_spread_only,0,0.5,8192
0.0,2.1773738861083984,0.5,0.0,0.5,0.5,0.5,-0.6931471824645996,-0.6931471824645996,-0.6931471824645996,0.09452408954172593,0.0,0.0,0.0,0.0,persistent_spread_only,0,0.5,9216
0.0,2.1773738861083984,0.5,0.0,0.5,0.5,0.5,-0.6931471824645996,-0.6931471824645996,-0.6931471824645996,0.08389580125779146,0.0,0.0,0.0,0.0,persistent_spread_only,0,0.5,10240
0.0,2.1773738861083984,0.5,0.0,0.5,0.5,0.5,-0.6931471824645996,-0.6931471824645996,-0.6931471824645996,0.08496836327492283,0.0,0.0,0.0,0.0,persistent_spread_only,0,0.5,11264
0.0,2.1773738861083984,0.5,0.0,0.5,0.5,0.5,-0.6931471824645996,-0.6931471824645996,-0.6931471824645996,0.07896303493401516,0.0,0.0,0.0,0.0,persistent_spread_only,0,0.5,12288
0.0,2.1773738861083984,0.5,0.0,0.5,0.5,0.5,-0.6931471824645996,-0.6931471824645996,-0.6931471824645996,0.09530784970139734,0.0,0.0,0.0,0.0,persistent_spread_only,0,0.5,13312
0.0,2.1773738861083984,0.5,0.0,0.5,0.5,0.5,-0.6931471824645996,-0.6931471824645996,-0.6931471824645996,0.08194044059342988,0.0,0.0,0.0,0.0,persistent_spread_only,0,0.5,14336
0.0,2.1773738861083984,0.5,0.0,0.5,0.5,0.5,-0.6931471824645996,-0.6931471824645996,-0.6931471824645996,0.08005823183867562,0.0,0.0,0.0,0.0,persistent_spread_only,0,0.5,15360
0.0,2.1773738861083984,0.5,0.0,0.5,0.5,0.5,-0.6931471824645996,-0.6931471824645996,-0.6931471824645996,0.08119957476332493,0.0,0.0,0.0,0.0,persistent_spread_only,0,0.5,16384
0.0,2.1773738861083984,0.5,0.0,0.5,0.5,0.5,-0.6931471824645996,-0.6931471824645996,-0.6931471824645996,0.10327329299474272,0.0,0.0,0.0,0.0,persistent_spread_only,0,0.5,17408
0.0,2.1773738861083984,0.5,0.0,0.5,0.5,0.5,-0.6931471824645996,-0.6931471824645996,-0.6931471824645996,0.09315423618315992,0.0,0.0,0.0,0.0,persistent_spread_only,0,0.5,18432
0.0,2.1773738861083984,0.5,0.0,0.5,0.5,0.5,-0.6931471824645996,-0.6931471824645996,-0.6931471824645996,0.08694279007420389,0.0,0.0,0.0,0.0,persistent_spread_only,0,0.5,19456
0.0,2.1773738861083984,0.5,0.0,0.5,0.5,0.5,-0.6931471824645996,-0.6931471824645996,-0.6931471824645996,0.08817110214305103,0.0,0.0,0.0,0.0,persistent_spread_only,0,0.5,20480
0.0,2.1773738861083984,0.5,0.0,0.5,0.5,0.5,-0.6931471824645996,-0.6931471824645996,-0.6931471824645996,0.06477694873795899,0.0,0.0,0.0,0.0,persistent_spread_only,1,0.5,1024
0.0,2.1773738861083984,0.5,0.0,0.5,0.5,0.5,-0.6931471824645996,-0.6931471824645996,-0.6931471824645996,0.06357888102376816,0.0,0.0,0.0,0.0,persistent_spread_only,1,0.5,2048
0.0,2.1773738861083984,0.5,0.0,0.5,0.5,0.5,-0.6931471824645996,-0.6931471824645996,-0.6931471824645996,0.06633538211008531,0.0,0.0,0.0,0.0,persistent_spread_only,1,0.5,3072
0.0,2.1773738861083984,0.5,0.0,0.5,0.5,0.5,-0.6931471824645996,-0.6931471824645996,-0.6931471824645996,0.07472568571171331,0.0,0.0,0.0,0.0,persistent_spread_only,1,0.5,4096
0.0,2.1773738861083984,0.5,0.0,0.5,0.5,0.5,-0.6931471824645996,-0.6931471824645996,-0.6931471824645996,0.07747106886747862,0.0,0.0,0.0,0.0,persistent_spread_only,1,0.5,5120
0.0,2.1773738861083984,0.5,0.0,0.5,0.5,0.5,-0.6931471824645996,-0.6931471824645996,-0.6931471824645996,0.09519408078605718,0.0,0.0,0.0,0.0,persistent_spread_only,1,0.5,6144
0.0,2.1773738861083984,0.5,0.0,0.5,0.5,0.5,-0.6931471824645996,-0.6931471824645996,-0.6931471824645996,0.08005777864466904,0.0,0.0,0.0,0.0,persistent_spread_only,1,0.5,7168
0.0,2.1773738861083984,0.5,0.0,0.5,0.5,0.5,-0.6931471824645996,-0.6931471824645996,-0.6931471824645996,0.07208286916496456,0.0,0.0,0.0,0.0,persistent_spread_only,1,0.5,8192
0.0,2.1773738861083984,0.5,0.0,0.5,0.5,0.5,-0.6931471824645996,-0.6931471824645996,-0.6931471824645996,0.08826007550472367,0.0,0.0,0.0,0.0,persistent_spread_only,1,0.5,9216
0.0,2.1773738861083984,0.5,0.0,0.5,0.5,0.5,-0.6931471824645996,-0.6931471824645996,-0.6931471824645996,0.08428843508942002,0.0,0.0,0.0,0.0,persistent_spread_only,1,0.5,10240
0.0,2.1773738861083984,0.5,0.0,0.5,0.5,0.5,-0.6931471824645996,-0.6931471824645996,-0.6931471824645996,0.09398782051152679,0.0,0.0,0.0,0.0,persistent_spread_only,1,0.5,11264
0.0,2.1773738861083984,0.5,0.0,0.5,0.5,0.5,-0.6931471824645996,-0.6931471824645996,-0.6931471824645996,0.09064207033709601,0.0,0.0,0.0,0.0,persistent_spread_only,1,0.5,12288
0.0,2.1773738861083984,0.5,0.0,0.5,0.5,0.5,-0.6931471824645996,-0.6931471824645996,-0.6931471824645996,0.08530460051810503,0.0,0.0,0.0,0.0,persistent_spread_only,1,0.5,13312
0.0,2.1773738861083984,0.5,0.0,0.5,0.5,0.5,-0.6931471824645996,-0.6931471824645996,-0.6931471824645996,0.08774573037040875,0.0,0.0,0.0,0.0,persistent_spread_only,1,0.5,14336
0.0,2.1773738861083984,0.5,0.0,0.5,0.5,0.5,-0.6931471824645996,-0.6931471824645996,-0.6931471824645996,0.08373340338313935,0.0,0.0,0.0,0.0,persistent_spread_only,1,0.5,15360
0.0,2.1773738861083984,0.5,0.0,0.5,0.5,0.5,-0.6931471824645996,-0.6931471824645996,-0.6931471824645996,0.08678769517192272,0.0,0.0,0.0,0.0,persistent_spread_only,1,0.5,16384
0.0,2.1773738861083984,0.5,0.0,0.5,0.5,0.5,-0.6931471824645996,-0.6931471824645996,-0.6931471824645996,0.08979749506394996,0.0,0.0,0.0,0.0,persistent_spread_only,1,0.5,17408
0.0,2.1773738861083984,0.5,0.0,0.5,0.5,0.5,-0.6931471824645996,-0.6931471824645996,-0.6931471824645996,0.07444396671439231,0.0,0.0,0.0,0.0,persistent_spread_only,1,0.5,18432
0.0,2.1773738861083984,0.5,0.0,0.5,0.5,0.5,-0.6931471824645996,-0.6931471824645996,-0.6931471824645996,0.09067194557539762,0.0,0.0,0.0,0.0,persistent_spread_only,1,0.5,19456
0.0,2.1773738861083984,0.5,0.0,0.5,0.5,0.5,-0.6931471824645996,-0.6931471824645996,-0.6931471824645996,0.09791930661030626,0.0,0.0,0.0,0.0,persistent_spread_only,1,0.5,20480
0.0,2.1773738861083984,0.5,0.0,0.5,0.5,0.5,-0.6931471824645996,-0.6931471824645996,-0.6931471824645996,0.06794528662723558,0.0,0.0,0.0,0.0,persistent_spread_only,2,0.5,1024
0.0,2.1773738861083984,0.5,0.0,0.5,0.5,0.5,-0.6931471824645996,-0.6931471824645996,-0.6931471824645996,0.07444485394590947,0.0,0.0,0.0,0.0,persistent_spread_only,2,0.5,2048
0.0,2.1773738861083984,0.5,0.0,0.5,0.5,0.5,-0.6931471824645996,-0.6931471824645996,-0.6931471824645996,0.06241110704389876,0.0,0.0,0.0,0.0,persistent_spread_only,2,0.5,3072
0.0,2.1773738861083984,0.5,0.0,0.5,0.5,0.5,-0.6931471824645996,-0.6931471824645996,-0.6931471824645996,0.10131751034655227,0.0,0.0,0.0,0.0,persistent_spread_only,2,0.5,4096
0.0,2.1773738861083984,0.5,0.0,0.5,0.5,0.5,-0.6931471824645996,-0.6931471824645996,-0.6931471824645996,0.08160376299496368,0.0,0.0,0.0,0.0,persistent_spread_only,2,0.5,5120
0.0,2.1773738861083984,0.5,0.0,0.5,0.5,0.5,-0.6931471824645996,-0.6931471824645996,-0.6931471824645996,0.08690663774421707,0.0,0.0,0.0,0.0,persistent_spread_only,2,0.5,6144
0.0,2.1773738861083984,0.5,0.0,0.5,0.5,0.5,-0.6931471824645996,-0.6931471824645996,-0.6931471824645996,0.08457501965795973,0.0,0.0,0.0,0.0,persistent_spread_only,2,0.5,7168
0.0,2.1773738861083984,0.5,0.0,0.5,0.5,0.5,-0.6931471824645996,-0.6931471824645996,-0.6931471824645996,0.0727995994845079,0.0,0.0,0.0,0.0,persistent_spread_only,2,0.5,8192
0.0,2.1773738861083984,0.5,0.0,0.5,0.5,0.5,-0.6931471824645996,-0.6931471824645996,-0.6931471824645996,0.08657550240290653,0.0,0.0,0.0,0.0,persistent_spread_only,2,0.5,9216
0.0,2.1773738861083984,0.5,0.0,0.5,0.5,0.5,-0.6931471824645996,-0.6931471824645996,-0.6931471824645996,0.09401477198231235,0.0,0.0,0.0,0.0,persistent_spread_only,2,0.5,10240
0.0,2.1773738861083984,0.5,0.0,0.5,0.5,0.5,-0.6931471824645996,-0.6931471824645996,-0.6931471824645996,0.10998324359635472,0.0,0.0,0.0,0.0,persistent_spread_only,2,0.5,11264
0.0,2.1773738861083984,0.5,0.0,0.5,0.5,0.5,-0.6931471824645996,-0.6931471824645996,-0.6931471824645996,0.08930908203603345,0.0,0.0,0.0,0.0,persistent_spread_only,2,0.5,12288
0.0,2.1773738861083984,0.5,0.0,0.5,0.5,0.5,-0.6931471824645996,-0.6931471824645996,-0.6931471824645996,0.09996687224069574,0.0,0.0,0.0,0.0,persistent_spread_only,2,0.5,13312
0.0,2.1773738861083984,0.5,0.0,0.5,0.5,0.5,-0.6931471824645996,-0.6931471824645996,-0.6931471824645996,0.09496543607269879,0.0,0.0,0.0,0.0,persistent_spread_only,2,0.5,14336
0.0,2.1773738861083984,0.5,0.0,0.5,0.5,0.5,-0.6931471824645996,-0.6931471824645996,-0.6931471824645996,0.09127085529045527,0.0,0.0,0.0,0.0,persistent_spread_only,2,0.5,15360
0.0,2.1773738861083984,0.5,0.0,0.5,0.5,0.5,-0.6931471824645996,-0.6931471824645996,-0.6931471824645996,0.09005024804251724,0.0,0.0,0.0,0.0,persistent_spread_only,2,0.5,16384
0.0,2.1773738861083984,0.5,0.0,0.5,0.5,0.5,-0.6931471824645996,-0.6931471824645996,-0.6931471824645996,0.07963136404380686,0.0,0.0,0.0,0.0,persistent_spread_only,2,0.5,17408
0.0,2.1773738861083984,0.5,0.0,0.5,0.5,0.5,-0.6931471824645996,-0.6931471824645996,-0.6931471824645996,0.0888752317829142,0.0,0.0,0.0,0.0,persistent_spread_only,2,0.5,18432
0.0,2.1773738861083984,0.5,0.0,0.5,0.5,0.5,-0.6931471824645996,-0.6931471824645996,-0.6931471824645996,0.10177684515562443,0.0,0.0,0.0,0.0,persistent_spread_only,2,0.5,19456
0.0,2.1773738861083984,0.5,0.0,0.5,0.5,0.5,-0.6931471824645996,-0.6931471824645996,-0.6931471824645996,0.10502312132598284,0.0,0.0,0.0,0.0,persistent_spread_only,2,0.5,20480
0.0,2.1773738861083984,0.5,0.0,0.5,0.5,0.5,-0.6931471824645996,-0.6931471824645996,-0.6931471824645996,0.04939495449506433,0.0,0.0,0.0,0.0,persistent_spread_only,3,0.5,1024
0.0,2.1773738861083984,0.5,0.0,0.5,0.5,0.5,-0.6931471824645996,-0.6931471824645996,-0.6931471824645996,0.05693989475988499,0.0,0.0,0.0,0.0,persistent_spread_only,3,0.5,2048
0.0,2.1773738861083984,0.5,0.0,0.5,0.5,0.5,-0.6931471824645996,-0.6931471824645996,-0.6931471824645996,0.07505799569255986,0.0,0.0,0.0,0.0,persistent_spread_only,3,0.5,3072
0.0,2.1773738861083984,0.5,0.0,0.5,0.5,0.5,-0.6931471824645996,-0.6931471824645996,-0.6931471824645996,0.0796159808806611,0.0,0.0,0.0,0.0,persistent_spread_only,3,0.5,4096
0.0,2.1773738861083984,0.5,0.0,0.5,0.5,0.5,-0.6931471824645996,-0.6931471824645996,-0.6931471824645996,0.08270136995818442,0.0,0.0,0.0,0.0,persistent_spread_only,3,0.5,5120
0.0,2.1773738861083984,0.5,0.0,0.5,0.5,0.5,-0.6931471824645996,-0.6931471824645996,-0.6931471824645996,0.08743710044708619,0.0,0.0,0.0,0.0,persistent_spread_only,3,0.5,6144
0.0,2.1773738861083984,0.5,0.0,0.5,0.5,0.5,-0.6931471824645996,-0.6931471824645996,-0.6931471824645996,0.08699518797119497,0.0,0.0,0.0,0.0,persistent_spread_only,3,0.5,7168
0.0,2.1773738861083984,0.5,0.0,0.5,0.5,0.5,-0.6931471824645996,-0.6931471824645996,-0.6931471824645996,0.09097952539205126,0.0,0.0,0.0,0.0,persistent_spread_only,3,0.5,8192
0.0,2.1773738861083984,0.5,0.0,0.5,0.5,0.5,-0.6931471824645996,-0.6931471824645996,-0.6931471824645996,0.08797746698327372,0.0,0.0,0.0,0.0,persistent_spread_only,3,0.5,9216
0.0,2.1773738861083984,0.5,0.0,0.5,0.5,0.5,-0.6931471824645996,-0.6931471824645996,-0.6931471824645996,0.09590734504718919,0.0,0.0,0.0,0.0,persistent_spread_only,3,0.5,10240
0.0,2.1773738861083984,0.5,0.0,0.5,0.5,0.5,-0.6931471824645996,-0.6931471824645996,-0.6931471824645996,0.08877622257463934,0.0,0.0,0.0,0.0,persistent_spread_only,3,0.5,11264
0.0,2.1773738861083984,0.5,0.0,0.5,0.5,0.5,-0.6931471824645996,-0.6931471824645996,-0.6931471824645996,0.09028130330787984,0.0,0.0,0.0,0.0,persistent_spread_only,3,0.5,12288
0.0,2.1773738861083984,0.5,0.0,0.5,0.5,0.5,-0.6931471824645996,-0.6931471824645996,-0.6931471824645996,0.0951604412951363,0.0,0.0,0.0,0.0,persistent_spread_only,3,0.5,13312
0.0,2.1773738861083984,0.5,0.0,0.5,0.5,0.5,-0.6931471824645996,-0.6931471824645996,-0.6931471824645996,0.09158890958556522,0.0,0.0,0.0,0.0,persistent_spread_only,3,0.5,14336
0.0,2.1773738861083984,0.5,0.0,0.5,0.5,0.5,-0.6931471824645996,-0.6931471824645996,-0.6931471824645996,0.08667018225733021,0.0,0.0,0.0,0.0,persistent_spread_only,3,0.5,15360
0.0,2.1773738861083984,0.5,0.0,0.5,0.5,0.5,-0.6931471824645996,-0.6931471824645996,-0.6931471824645996,0.09194834898437351,0.0,0.0,0.0,0.0,persistent_spread_only,3,0.5,16384
0.0,2.1773738861083984,0.5,0.0,0.5,0.5,0.5,-0.6931471824645996,-0.6931471824645996,-0.6931471824645996,0.09028863727456941,0.0,0.0,0.0,0.0,persistent_spread_only,3,0.5,17408
0.0,2.1773738861083984,0.5,0.0,0.5,0.5,0.5,-0.6931471824645996,-0.6931471824645996,-0.6931471824645996,0.0961971620866007,0.0,0.0,0.0,0.0,persistent_spread_only,3,0.5,18432
0.0,2.1773738861083984,0.5,0.0,0.5,0.5,0.5,-0.6931471824645996,-0.6931471824645996,-0.6931471824645996,0.10126932681732644,0.0,0.0,0.0,0.0,persistent_spread_only,3,0.5,19456
0.0,2.1773738861083984,0.5,0.0,0.5,0.5,0.5,-0.6931471824645996,-0.6931471824645996,-0.6931471824645996,0.0748700687826047,0.0,0.0,0.0,0.0,persistent_spread_only,3,0.5,20480
0.0,2.1773738861083984,0.5,0.0,0.5,0.5,0.5,-0.6931471824645996,-0.6931471824645996,-0.6931471824645996,0.0671049036839361,0.0,0.0,0.0,0.0,persistent_spread_only,4,0.5,1024
0.0,2.1773738861083984,0.5,0.0,0.5,0.5,0.5,-0.6931471824645996,-0.6931471824645996,-0.6931471824645996,0.09087613492518007,0.0,0.0,0.0,0.0,persistent_spread_only,4,0.5,2048
0.0,2.1773738861083984,0.5,0.0,0.5,0.5,0.5,-0.6931471824645996,-0.6931471824645996,-0.6931471824645996,0.0761776848127232,0.0,0.0,0.0,0.0,persistent_spread_only,4,0.5,3072
0.0,2.1773738861083984,0.5,0.0,0.5,0.5,0.5,-0.6931471824645996,-0.6931471824645996,-0.6931471824645996,0.08443155851645152,0.0,0.0,0.0,0.0,persistent_spread_only,4,0.5,4096
0.0,2.1773738861083984,0.5,0.0,0.5,0.5,0.5,-0.6931471824645996,-0.6931471824645996,-0.6931471824645996,0.08647620547647393,0.0,0.0,0.0,0.0,persistent_spread_only,4,0.5,5120
0.0,2.1773738861083984,0.5,0.0,0.5,0.5,0.5,-0.6931471824645996,-0.6931471824645996,-0.6931471824645996,0.08669986671607473,0.0,0.0,0.0,0.0,persistent_spread_only,4,0.5,6144
0.0,2.1773738861083984,0.5,0.0,0.5,0.5,0.5,-0.6931471824645996,-0.6931471824645996,-0.6931471824645996,0.09936951731081603,0.0,0.0,0.0,0.0,persistent_spread_only,4,0.5,7168
0.0,2.1773738861083984,0.5,0.0,0.5,0.5,0.5,-0.6931471824645996,-0.6931471824645996,-0.6931471824645996,0.09676997516033677,0.0,0.0,0.0,0.0,persistent_spread_only,4,0.5,8192
0.0,2.1773738861083984,0.5,0.0,0.5,0.5,0.5,-0.6931471824645996,-0.6931471824645996,-0.6931471824645996,0.10074769855874326,0.0,0.0,0.0,0.0,persistent_spread_only,4,0.5,9216
0.0,2.1773738861083984,0.5,0.0,0.5,0.5,0.5,-0.6931471824645996,-0.6931471824645996,-0.6931471824645996,0.09200339002447774,0.0,0.0,0.0,0.0,persistent_spread_only,4,0.5,10240
0.0,2.1773738861083984,0.5,0.0,0.5,0.5,0.5,-0.6931471824645996,-0.6931471824645996,-0.6931471824645996,0.09613806130171267,0.0,0.0,0.0,0.0,persistent_spread_only,4,0.5,11264
0.0,2.1773738861083984,0.5,0.0,0.5,0.5,0.5,-0.6931471824645996,-0.6931471824645996,-0.6931471824645996,0.07456932607023517,0.0,0.0,0.0,0.0,persistent_spread_only,4,0.5,12288
0.0,2.1773738861083984,0.5,0.0,0.5,0.5,0.5,-0.6931471824645996,-0.6931471824645996,-0.6931471824645996,0.07901670134779737,0.0,0.0,0.0,0.0,persistent_spread_only,4,0.5,13312
0.0,2.1773738861083984,0.5,0.0,0.5,0.5,0.5,-0.6931471824645996,-0.6931471824645996,-0.6931471824645996,0.08365652141645648,0.0,0.0,0.0,0.0,persistent_spread_only,4,0.5,14336
0.0,2.1773738861083984,0.5,0.0,0.5,0.5,0.5,-0.6931471824645996,-0.6931471824645996,-0.6931471824645996,0.08047780175445704,0.0,0.0,0.0,0.0,persistent_spread_only,4,0.5,15360
0.0,2.1773738861083984,0.5,0.0,0.5,0.5,0.5,-0.6931471824645996,-0.6931471824645996,-0.6931471824645996,0.09451063257967027,0.0,0.0,0.0,0.0,persistent_spread_only,4,0.5,16384
0.0,2.1773738861083984,0.5,0.0,0.5,0.5,0.5,-0.6931471824645996,-0.6931471824645996,-0.6931471824645996,0.0931814546793477,0.0,0.0,0.0,0.0,persistent_spread_only,4,0.5,17408
0.0,2.1773738861083984,0.5,0.0,0.5,0.5,0.5,-0.6931471824645996,-0.6931471824645996,-0.6931471824645996,0.09862409723166439,0.0,0.0,0.0,0.0,persistent_spread_only,4,0.5,18432
0.0,2.1773738861083984,0.5,0.0,0.5,0.5,0.5,-0.6931471824645996,-0.6931471824645996,-0.6931471824645996,0.10245375366478038,0.0,0.0,0.0,0.0,persistent_spread_only,4,0.5,19456
0.0,2.1773738861083984,0.5,0.0,0.5,0.5,0.5,-0.6931471824645996,-0.6931471824645996,-0.6931471824645996,0.09143587492364694,0.0,0.0,0.0,0.0,persistent_spread_only,4,0.5,20480
0.0,-0.5714983344078064,0.2,0.0,0.19999998807907104,0.19999998807907104,0.19999998807907104,-1.6094379425048828,-1.6094379425048828,-1.6094379425048828,0.12368368609927974,0.0,0.0,0.0,0.0,persistent_spread_only,0,0.2,1024
0.0,-0.5714983344078064,0.2,0.0,0.19999998807907104,0.19999998807907104,0.19999998807907104,-1.6094379425048828,-1.6094379425048828,-1.6094379425048828,0.12092760705549739,0.0,0.0,0.0,0.0,persistent_spread_only,0,0.2,2048
0.0,-0.5714983344078064,0.2,0.0,0.19999998807907104,0.19999998807907104,0.19999998807907104,-1.6094379425048828,-1.6094379425048828,-1.6094379425048828,0.17071892959482474,0.0,0.0,0.0,0.0,persistent_spread_only,0,0.2,3072
0.0,-0.5714983344078064,0.2,0.0,0.19999998807907104,0.19999998807907104,0.19999998807907104,-1.6094379425048828,-1.6094379425048828,-1.6094379425048828,0.1865265487967453,0.0,0.0,0.0,0.0,persistent_spread_only,0,0.2,4096
0.0,-0.5714983344078064,0.2,0.0,0.19999998807907104,0.19999998807907104,0.19999998807907104,-1.6094379425048828,-1.6094379425048828,-1.6094379425048828,0.22207907422236742,0.0,0.0,0.0,0.0,persistent_spread_only,0,0.2,5120
0.0,-0.5714983344078064,0.2,0.0,0.19999998807907104,0.19999998807907104,0.19999998807907104,-1.6094379425048828,-1.6094379425048828,-1.6094379425048828,0.23357759939480077,0.0,0.0,0.0,0.0,persistent_spread_only,0,0.2,6144
0.0,-0.5714983344078064,0.2,0.0,0.19999998807907104,0.19999998807907104,0.19999998807907104,-1.6094379425048828,-1.6094379425048828,-1.6094379425048828,0.23939112259120945,0.0,0.0,0.0,0.0,persistent_spread_only,0,0.2,7168
0.0,-0.5714983344078064,0.2,0.0,0.19999998807907104,0.19999998807907104,0.19999998807907104,-1.6094379425048828,-1.6094379425048828,-1.6094379425048828,0.2431290949442353,0.0,0.0,0.0,0.0,persistent_spread_only,0,0.2,8192
0.0,-0.5714983344078064,0.2,0.0,0.19999998807907104,0.19999998807907104,0.19999998807907104,-1.6094379425048828,-1.6094379425048828,-1.6094379425048828,0.22655681089610447,0.0,0.0,0.0,0.0,persistent_spread_only,0,0.2,9216
0.0,-0.5714983344078064,0.2,0.0,0.19999998807907104,0.19999998807907104,0.19999998807907104,-1.6094379425048828,-1.6094379425048828,-1.6094379425048828,0.22970161131147088,0.0,0.0,0.0,0.0,persistent_spread_only,0,0.2,10240
0.0,-0.5714983344078064,0.2,0.0,0.19999998807907104,0.19999998807907104,0.19999998807907104,-1.6094379425048828,-1.6094379425048828,-1.6094379425048828,0.21738023787360014,0.0,0.0,0.0,0.0,persistent_spread_only,0,0.2,11264
0.0,-0.5714983344078064,0.2,0.0,0.19999998807907104,0.19999998807907104,0.19999998807907104,-1.6094379425048828,-1.6094379425048828,-1.6094379425048828,0.193931618633157,0.0,0.0,0.0,0.0,persistent_spread_only,0,0.2,12288
0.0,-0.5714983344078064,0.2,0.0,0.19999998807907104,0.19999998807907104,0.19999998807907104,-1.6094379425048828,-1.6094379425048828,-1.6094379425048828,0.22284727509383565,0.0,0.0,0.0,0.0,persistent_spread_only,0,0.2,13312
0.0,-0.5714983344078064,0.2,0.0,0.19999998807907104,0.19999998807907104,0.19999998807907104,-1.6094379425048828,-1.6094379425048828,-1.6094379425048828,0.2037460533783671,0.0,0.0,0.0,0.0,persistent_spread_only,0,0.2,14336
0.0,-0.5714983344078064,0.2,0.0,0.19999998807907104,0.19999998807907104,0.19999998807907104,-1.6094379425048828,-1.6094379425048828,-1.6094379425048828,0.21016751030887612,0.0,0.0,0.0,0.0,persistent_spread_only,0,0.2,15360
0.0,-0.5714983344078064,0.2,0.0,0.19999998807907104,0.19999998807907104,0.19999998807907104,-1.6094379425048828,-1.6094379425048828,-1.6094379425048828,0.2122188249054509,0.0,0.0,0.0,0.0,persistent_spread_only,0,0.2,16384
0.0,-0.5714983344078064,0.2,0.0,0.19999998807907104,0.19999998807907104,0.19999998807907104,-1.6094379425048828,-1.6094379425048828,-1.6094379425048828,0.2100234609010271,0.0,0.0,0.0,0.0,persistent_spread_only,0,0.2,17408
0.0,-0.5714983344078064,0.2,0.0,0.19999998807907104,0.19999998807907104,0.19999998807907104,-1.6094379425048828,-1.6094379425048828,-1.6094379425048828,0.2137965648989501,0.0,0.0,0.0,0.0,persistent_spread_only,0,0.2,18432
0.0,-0.5714983344078064,0.2,0.0,0.19999998807907104,0.19999998807907104,0.19999998807907104,-1.6094379425048828,-1.6094379425048828,-1.6094379425048828,0.2194248674855351,0.0,0.0,0.0,0.0,persistent_spread_only,0,0.2,19456
0.0,-0.5714983344078064,0.2,0.0,0.19999998807907104,0.19999998807907104,0.19999998807907104,-1.6094379425048828,-1.6094379425048828,-1.6094379425048828,0.21893879540322586,0.0,0.0,0.0,0.0,persistent_spread_only,0,0.2,20480
0.0,-0.5714983344078064,0.2,0.0,0.19999998807907104,0.19999998807907104,0.19999998807907104,-1.6094379425048828,-1.6094379425048828,-1.6094379425048828,0.14255491261081782,0.0,0.0,0.0,0.0,persistent_spread_only,1,0.2,1024
0.0,-0.5714983344078064,0.2,0.0,0.19999998807907104,0.19999998807907104,0.19999998807907104,-1.6094379425048828,-1.6094379425048828,-1.6094379425048828,0.1649503007062485,0.0,0.0,0.0,0.0,persistent_spread_only,1,0.2,2048
0.0,-0.5714983344078064,0.2,0.0,0.19999998807907104,0.19999998807907104,0.19999998807907104,-1.6094379425048828,-1.6094379425048828,-1.6094379425048828,0.18498931381653333,0.0,0.0,0.0,0.0,persistent_spread_only,1,0.2,3072
0.0,-0.5714983344078064,0.2,0.0,0.19999998807907104,0.19999998807907104,0.19999998807907104,-1.6094379425048828,-1.6094379425048828,-1.6094379425048828,0.1995383754536877,0.0,0.0,0.0,0.0,persistent_spread_only,1,0.2,4096
0.0,-0.5714983344078064,0.2,0.0,0.19999998807907104,0.19999998807907104,0.19999998807907104,-1.6094379425048828,-1.6094379425048828,-1.6094379425048828,0.1787072659467725,0.0,0.0,0.0,0.0,persistent_spread_only,1,0.2,5120
0.0,-0.5714983344078064,0.2,0.0,0.19999998807907104,0.19999998807907104,0.19999998807907104,-1.6094379425048828,-1.6094379425048828,-1.6094379425048828,0.2596471111984723,0.0,0.0,0.0,0.0,persistent_spread_only,1,0.2,6144
0.0,-0.5714983344078064,0.2,0.0,0.19999998807907104,0.19999998807907104,0.19999998807907104,-1.6094379425048828,-1.6094379425048828,-1.6094379425048828,0.22530661114671507,0.0,0.0,0.0,0.0,persistent_spread_only,1,0.2,7168
0.0,-0.5714983344078064,0.2,0.0,0.19999998807907104,0.19999998807907104,0.19999998807907104,-1.6094379425048828,-1.6094379425048828,-1.6094379425048828,0.15622058879588904,0.0,0.0,0.0,0.0,persistent_spread_only,1,0.2,8192
0.0,-0.5714983344078064,0.2,0.0,0.19999998807907104,0.19999998807907104,0.19999998807907104,-1.6094379425048828,-1.6094379425048828,-1.6094379425048828,0.25252222307267974,0.0,0.0,0.0,0.0,persistent_spread_only,1,0.2,9216
0.0,-0.5714983344078064,0.2,0.0,0.19999998807907104,0.19999998807907104,0.19999998807907104,-1.6094379425048828,-1.6094379425048828,-1.6094379425048828,0.23157877025572554,0.0,0.0,0.0,0.0,persistent_spread_only,1,0.2,10240
0.0,-0.5714983344078064,0.2,0.0,0.19999998807907104,0.19999998807907104,0.19999998807907104,-1.6094379425048828,-1.6094379425048828,-1.6094379425048828,0.2821465428256648,0.0,0.0,0.0,0.0,persistent_spread_only,1,0.2,11264
0.0,-0.5714983344078064,0.2,0.0,0.19999998807907104,0.19999998807907104,0.19999998807907104,-1.6094379425048828,-1.6094379425048828,-1.6094379425048828,0.2422603863812065,0.0,0.0,0.0,0.0,persistent_spread_only,1,0.2,12288
0.0,-0.5714983344078064,0.2,0.0,0.19999998807907104,0.19999998807907104,0.19999998807907104,-1.6094379425048828,-1.6094379425048828,-1.6094379425048828,0.17895438455518736,0.0,0.0,0.0,0.0,persistent_spread_only,1,0.2,13312
0.0,-0.5714983344078064,0.2,0.0,0.19999998807907104,0.19999998807907104,0.19999998807907104,-1.6094379425048828,-1.6094379425048828,-1.6094379425048828,0.2226392918025976,0.0,0.0,0.0,0.0,persistent_spread_only,1,0.2,14336
0.0,-0.5714983344078064,0.2,0.0,0.19999998807907104,0.19999998807907104,0.19999998807907104,-1.6094379425048828,-1.6094379425048828,-1.6094379425048828,0.19872341166635737,0.0,0.0,0.0,0.0,persistent_spread_only,1,0.2,15360
0.0,-0.5714983344078064,0.2,0.0,0.19999998807907104,0.19999998807907104,0.19999998807907104,-1.6094379425048828,-1.6094379425048828,-1.6094379425048828,0.23807741212096892,0.0,0.0,0.0,0.0,persistent_spread_only,1,0.2,16384
0.0,-0.5714983344078064,0.2,0.0,0.19999998807907104,0.19999998807907104,0.19999998807907104,-1.6094379425048828,-1.6094379425048828,-1.6094379425048828,0.2481557653571845,0.0,0.0,0.0,0.0,persistent_spread_only,1,0.2,17408
0.0,-0.5714983344078064,0.2,0.0,0.19999998807907104,0.19999998807907104,0.19999998807907104,-1.6094379425048828,-1.6094379425048828,-1.6094379425048828,0.19027280270154606,0.0,0.0,0.0,0.0,persistent_spread_only,1,0.2,18432
0.0,-0.5714983344078064,0.2,0.0,0.19999998807907104,0.19999998807907104,0.19999998807907104,-1.6094379425048828,-1.6094379425048828,-1.6094379425048828,0.24769044370183915,0.0,0.0,0.0,0.0,persistent_spread_only,1,0.2,19456
0.0,-0.5714983344078064,0.2,0.0,0.19999998807907104,0.19999998807907104,0.19999998807907104,-1.6094379425048828,-1.6094379425048828,-1.6094379425048828,0.2785208660611538,0.0,0.0,0.0,0.0,persistent_spread_only,1,0.2,20480
0.0,-0.5714983344078064,0.2,0.0,0.19999998807907104,0.19999998807907104,0.19999998807907104,-1.6094379425048828,-1.6094379425048828,-1.6094379425048828,0.11394111042124751,0.0,0.0,0.0,0.0,persistent_spread_only,2,0.2,1024
0.0,-0.5714983344078064,0.2,0.0,0.19999998807907104,0.19999998807907104,0.19999998807907104,-1.6094379425048828,-1.6094379425048828,-1.6094379425048828,0.20453303566857226,0.0,0.0,0.0,0.0,persistent_spread_only,2,0.2,2048
0.0,-0.5714983344078064,0.2,0.0,0.19999998807907104,0.19999998807907104,0.19999998807907104,-1.6094379425048828,-1.6094379425048828,-1.6094379425048828,0.15528279734840653,0.0,0.0,0.0,0.0,persistent_spread_only,2,0.2,3072
0.0,-0.5714983344078064,0.2,0.0,0.19999998807907104,0.19999998807907104,0.19999998807907104,-1.6094379425048828,-1.6094379425048828,-1.6094379425048828,0.20778447395159189,0.0,0.0,0.0,0.0,persistent_spread_only,2,0.2,4096
0.0,-0.5714983344078064,0.2,0.0,0.19999998807907104,0.19999998807907104,0.19999998807907104,-1.6094379425048828,-1.6094379425048828,-1.6094379425048828,0.21638218973522907,0.0,0.0,0.0,0.0,persistent_spread_only,2,0.2,5120
0.0,-0.5714983344078064,0.2,0.0,0.19999998807907104,0.19999998807907104,0.19999998807907104,-1.6094379425048828,-1.6094379425048828,-1.6094379425048828,0.216972807781522,0.0,0.0,0.0,0.0,persistent_spread_only,2,0.2,6144
0.0,-0.5714983344078064,0.2,0.0,0.19999998807907104,0.19999998807907104,0.19999998807907104,-1.6094379425048828,-1.6094379425048828,-1.6094379425048828,0.24527945229191764,0.0,0.0,0.0,0.0,persistent_spread_only,2,0.2,7168
0.0,-0.5714983344078064,0.2,0.0,0.19999998807907104,0.19999998807907104,0.19999998807907104,-1.6094379425048828,-1.6094379425048828,-1.6094379425048828,0.17255191205385906,0.0,0.0,0.0,0.0,persistent_spread_only,2,0.2,8192
0.0,-0.5714983344078064,0.2,0.0,0.19999998807907104,0.19999998807907104,0.19999998807907104,-1.6094379425048828,-1.6094379425048828,-1.6094379425048828,0.21309482119011122,0.0,0.0,0.0,0.0,persistent_spread_only,2,0.2,9216
0.0,-0.5714983344078064,0.2,0.0,0.19999998807907104,0.19999998807907104,0.19999998807907104,-1.6094379425048828,-1.6094379425048828,-1.6094379425048828,0.21218927336032906,0.0,0.0,0.0,0.0,persistent_spread_only,2,0.2,10240
0.0,-0.5714983344078064,0.2,0.0,0.19999998807907104,0.19999998807907104,0.19999998807907104,-1.6094379425048828,-1.6094379425048828,-1.6094379425048828,0.27433002233196013,0.0,0.0,0.0,0.0,persistent_spread_only,2,0.2,11264
0.0,-0.5714983344078064,0.2,0.0,0.19999998807907104,0.19999998807907104,0.19999998807907104,-1.6094379425048828,-1.6094379425048828,-1.6094379425048828,0.27781096151927254,0.0,0.0,0.0,0.0,persistent_spread_only,2,0.2,12288
0.0,-0.5714983344078064,0.2,0.0,0.19999998807907104,0.19999998807907104,0.19999998807907104,-1.6094379425048828,-1.6094379425048828,-1.6094379425048828,0.23282442244516272,0.0,0.0,0.0,0.0,persistent_spread_only,2,0.2,13312
0.0,-0.5714983344078064,0.2,0.0,0.19999998807907104,0.19999998807907104,0.19999998807907104,-1.6094379425048828,-1.6094379425048828,-1.6094379425048828,0.27120076218371103,0.0,0.0,0.0,0.0,persistent_spread_only,2,0.2,14336
0.0,-0.5714983344078064,0.2,0.0,0.19999998807907104,0.19999998807907104,0.19999998807907104,-1.6094379425048828,-1.6094379425048828,-1.6094379425048828,0.20785248114373514,0.0,0.0,0.0,0.0,persistent_spread_only,2,0.2,15360
0.0,-0.5714983344078064,0.2,0.0,0.19999998807907104,0.19999998807907104,0.19999998807907104,-1.6094379425048828,-1.6094379425048828,-1.6094379425048828,0.2627037002901932,0.0,0.0,0.0,0.0,persistent_spread_only,2,0.2,16384
0.0,-0.5714983344078064,0.2,0.0,0.19999998807907104,0.19999998807907104,0.19999998807907104,-1.6094379425048828,-1.6094379425048828,-1.6094379425048828,0.25197923265484523,0.0,0.0,0.0,0.0,persistent_spread_only,2,0.2,17408
0.0,-0.5714983344078064,0.2,0.0,0.19999998807907104,0.19999998807907104,0.19999998807907104,-1.6094379425048828,-1.6094379425048828,-1.6094379425048828,0.24291841651321464,0.0,0.0,0.0,0.0,persistent_spread_only,2,0.2,18432
0.0,-0.5714983344078064,0.2,0.0,0.19999998807907104,0.19999998807907104,0.19999998807907104,-1.6094379425048828,-1.6094379425048828,-1.6094379425048828,0.2516905642562726,0.0,0.0,0.0,0.0,persistent_spread_only,2,0.2,19456
0.0,-0.5714983344078064,0.2,0.0,0.19999998807907104,0.19999998807907104,0.19999998807907104,-1.6094379425048828,-1.6094379425048828,-1.6094379425048828,0.2533264658431947,0.0,0.0,0.0,0.0,persistent_spread_only,2,0.2,20480
0.0,-0.5714983344078064,0.2,0.0,0.19999998807907104,0.19999998807907104,0.19999998807907104,-1.6094379425048828,-1.6094379425048828,-1.6094379425048828,0.09025434304980606,0.0,0.0,0.0,0.0,persistent_spread_only,3,0.2,1024
0.0,-0.5714983344078064,0.2,0.0,0.19999998807907104,0.19999998807907104,0.19999998807907104,-1.6094379425048828,-1.6094379425048828,-1.6094379425048828,0.11534380938920605,0.0,0.0,0.0,0.0,persistent_spread_only,3,0.2,2048
0.0,-0.5714983344078064,0.2,0.0,0.19999998807907104,0.19999998807907104,0.19999998807907104,-1.6094379425048828,-1.6094379425048828,-1.6094379425048828,0.2027975726411249,0.0,0.0,0.0,0.0,persistent_spread_only,3,0.2,3072
0.0,-0.5714983344078064,0.2,0.0,0.19999998807907104,0.19999998807907104,0.19999998807907104,-1.6094379425048828,-1.6094379425048828,-1.6094379425048828,0.20419306227171505,0.0,0.0,0.0,0.0,persistent_spread_only,3,0.2,4096
0.0,-0.5714983344078064,0.2,0.0,0.19999998807907104,0.19999998807907104,0.19999998807907104,-1.6094379425048828,-1.6094379425048828,-1.6094379425048828,0.21516742702819963,0.0,0.0,0.0,0.0,persistent_spread_only,3,0.2,5120
0.0,-0.5714983344078064,0.2,0.0,0.19999998807907104,0.19999998807907104,0.19999998807907104,-1.6094379425048828,-1.6094379425048828,-1.6094379425048828,0.21710083384632134,0.0,0.0,0.0,0.0,persistent_spread_only,3,0.2,6144
0.0,-0.5714983344078064,0.2,0.0,0.19999998807907104,0.19999998807907104,0.19999998807907104,-1.6094379425048828,-1.6094379425048828,-1.6094379425048828,0.22890249967633056,0.0,0.0,0.0,0.0,persistent_spread_only,3,0.2,7168
0.0,-0.5714983344078064,0.2,0.0,0.19999998807907104,0.19999998807907104,0.19999998807907104,-1.6094379425048828,-1.6094379425048828,-1.6094379425048828,0.22103675782545223,0.0,0.0,0.0,0.0,persistent_spread_only,3,0.2,8192
0.0,-0.5714983344078064,0.2,0.0,0.19999998807907104,0.19999998807907104,0.19999998807907104,-1.6094379425048828,-1.6094379425048828,-1.6094379425048828,0.23335511333824907,0.0,0.0,0.0,0.0,persistent_spread_only,3,0.2,9216
0.0,-0.5714983344078064,0.2,0.0,0.19999998807907104,0.19999998807907104,0.19999998807907104,-1.6094379425048828,-1.6094379425048828,-1.6094379425048828,0.21556349566397187,0.0,0.0,0.0,0.0,persistent_spread_only,3,0.2,10240
0.0,-0.5714983344078064,0.2,0.0,0.19999998807907104,0.19999998807907104,0.19999998807907104,-1.6094379425048828,-1.6094379425048828,-1.6094379425048828,0.21753480025698782,0.0,0.0,0.0,0.0,persistent_spread_only,3,0.2,11264
0.0,-0.5714983344078064,0.2,0.0,0.19999998807907104,0.19999998807907104,0.19999998807907104,-1.6094379425048828,-1.6094379425048828,-1.6094379425048828,0.20845179916365525,0.0,0.0,0.0,0.0,persistent_spread_only,3,0.2,12288
0.0,-0.5714983344078064,0.2,0.0,0.19999998807907104,0.19999998807907104,0.19999998807907104,-1.6094379425048828,-1.6094379425048828,-1.6094379425048828,0.22809285507205238,0.0,0.0,0.0,0.0,persistent_spread_only,3,0.2,13312
0.0,-0.5714983344078064,0.2,0.0,0.19999998807907104,0.19999998807907104,0.19999998807907104,-1.6094379425048828,-1.6094379425048828,-1.6094379425048828,0.2397413336803554,0.0,0.0,0.0,0.0,persistent_spread_only,3,0.2,14336
0.0,-0.5714983344078064,0.2,0.0,0.19999998807907104,0.19999998807907104,0.19999998807907104,-1.6094379425048828,-1.6094379425048828,-1.6094379425048828,0.22101530241749784,0.0,0.0,0.0,0.0,persistent_spread_only,3,0.2,15360
0.0,-0.5714983344078064,0.2,0.0,0.19999998807907104,0.19999998807907104,0.19999998807907104,-1.6094379425048828,-1.6094379425048828,-1.6094379425048828,0.2225808813621987,0.0,0.0,0.0,0.0,persistent_spread_only,3,0.2,16384
0.0,-0.5714983344078064,0.2,0.0,0.19999998807907104,0.19999998807907104,0.19999998807907104,-1.6094379425048828,-1.6094379425048828,-1.6094379425048828,0.24244861427969971,0.0,0.0,0.0,0.0,persistent_spread_only,3,0.2,17408
0.0,-0.5714983344078064,0.2,0.0,0.19999998807907104,0.19999998807907104,0.19999998807907104,-1.6094379425048828,-1.6094379425048828,-1.6094379425048828,0.24110393501170724,0.0,0.0,0.0,0.0,persistent_spread_only,3,0.2,18432
0.0,-0.5714983344078064,0.2,0.0,0.19999998807907104,0.19999998807907104,0.19999998807907104,-1.6094379425048828,-1.6094379425048828,-1.6094379425048828,0.288675643681958,0.0,0.0,0.0,0.0,persistent_spread_only,3,0.2,19456
0.0,-0.5714983344078064,0.2,0.0,0.19999998807907104,0.19999998807907104,0.19999998807907104,-1.6094379425048828,-1.6094379425048828,-1.6094379425048828,0.18475206294489588,0.0,0.0,0.0,0.0,persistent_spread_only,3,0.2,20480
0.0,-0.5714983344078064,0.2,0.0,0.19999998807907104,0.19999998807907104,0.19999998807907104,-1.6094379425048828,-1.6094379425048828,-1.6094379425048828,0.11761268483602891,0.0,0.0,0.0,0.0,persistent_spread_only,4,0.2,1024
0.0,-0.5714983344078064,0.2,0.0,0.19999998807907104,0.19999998807907104,0.19999998807907104,-1.6094379425048828,-1.6094379425048828,-1.6094379425048828,0.2498428554763358,0.0,0.0,0.0,0.0,persistent_spread_only,4,0.2,2048
0.0,-0.5714983344078064,0.2,0.0,0.19999998807907104,0.19999998807907104,0.19999998807907104,-1.6094379425048828,-1.6094379425048828,-1.6094379425048828,0.19112772131157524,0.0,0.0,0.0,0.0,persistent_spread_only,4,0.2,3072
0.0,-0.5714983344078064,0.2,0.0,0.19999998807907104,0.19999998807907104,0.19999998807907104,-1.6094379425048828,-1.6094379425048828,-1.6094379425048828,0.23455984044515668,0.0,0.0,0.0,0.0,persistent_spread_only,4,0.2,4096
0.0,-0.5714983344078064,0.2,0.0,0.19999998807907104,0.19999998807907104,0.19999998807907104,-1.6094379425048828,-1.6094379425048828,-1.6094379425048828,0.24608109631852262,0.0,0.0,0.0,0.0,persistent_spread_only,4,0.2,5120
0.0,-0.5714983344078064,0.2,0.0,0.19999998807907104,0.19999998807907104,0.19999998807907104,-1.6094379425048828,-1.6094379425048828,-1.6094379425048828,0.23625180279418112,0.0,0.0,0.0,0.0,persistent_spread_only,4,0.2,6144
0.0,-0.5714983344078064,0.2,0.0,0.19999998807907104,0.19999998807907104,0.19999998807907104,-1.6094379425048828,-1.6094379425048828,-1.6094379425048828,0.27275090315578515,0.0,0.0,0.0,0.0,persistent_spread_only,4,0.2,7168
0.0,-0.5714983344078064,0.2,0.0,0.19999998807907104,0.19999998807907104,0.19999998807907104,-1.6094379425048828,-1.6094379425048828,-1.6094379425048828,0.26612330041101007,0.0,0.0,0.0,0.0,persistent_spread_only,4,0.2,8192
0.0,-0.5714983344078064,0.2,0.0,0.19999998807907104,0.19999998807907104,0.19999998807907104,-1.6094379425048828,-1.6094379425048828,-1.6094379425048828,0.23035989536694826,0.0,0.0,0.0,0.0,persistent_spread_only,4,0.2,9216
0.0,-0.5714983344078064,0.2,0.0,0.19999998807907104,0.19999998807907104,0.19999998807907104,-1.6094379425048828,-1.6094379425048828,-1.6094379425048828,0.2800249841349289,0.0,0.0,0.0,0.0,persistent_spread_only,4,0.2,10240
0.0,-0.5714983344078064,0.2,0.0,0.19999998807907104,0.19999998807907104,0.19999998807907104,-1.6094379425048828,-1.6094379425048828,-1.6094379425048828,0.23455566538572697,0.0,0.0,0.0,0.0,persistent_spread_only,4,0.2,11264
0.0,-0.5714983344078064,0.2,0.0,0.19999998807907104,0.19999998807907104,0.19999998807907104,-1.6094379425048828,-1.6094379425048828,-1.6094379425048828,0.1935803482514334,0.0,0.0,0.0,0.0,persistent_spread_only,4,0.2,12288
0.0,-0.5714983344078064,0.2,0.0,0.19999998807907104,0.19999998807907104,0.19999998807907104,-1.6094379425048828,-1.6094379425048828,-1.6094379425048828,0.21076478155090653,0.0,0.0,0.0,0.0,persistent_spread_only,4,0.2,13312
0.0,-0.5714983344078064,0.2,0.0,0.19999998807907104,0.19999998807907104,0.19999998807907104,-1.6094379425048828,-1.6094379425048828,-1.6094379425048828,0.21983460277202993,0.0,0.0,0.0,0.0,persistent_spread_only,4,0.2,14336
0.0,-0.5714983344078064,0.2,0.0,0.19999998807907104,0.19999998807907104,0.19999998807907104,-1.6094379425048828,-1.6094379425048828,-1.6094379425048828,0.2542667564985508,0.0,0.0,0.0,0.0,persistent_spread_only,4,0.2,15360
0.0,-0.5714983344078064,0.2,0.0,0.19999998807907104,0.19999998807907104,0.19999998807907104,-1.6094379425048828,-1.6094379425048828,-1.6094379425048828,0.2293832254515123,0.0,0.0,0.0,0.0,persistent_spread_only,4,0.2,16384
0.0,-0.5714983344078064,0.2,0.0,0.19999998807907104,0.19999998807907104,0.19999998807907104,-1.6094379425048828,-1.6094379425048828,-1.6094379425048828,0.24810271064295458,0.0,0.0,0.0,0.0,persistent_spread_only,4,0.2,17408
0.0,-0.5714983344078064,0.2,0.0,0.19999998807907104,0.19999998807907104,0.19999998807907104,-1.6094379425048828,-1.6094379425048828,-1.6094379425048828,0.2086236937730132,0.0,0.0,0.0,0.0,persistent_spread_only,4,0.2,18432
0.0,-0.5714983344078064,0.2,0.0,0.19999998807907104,0.19999998807907104,0.19999998807907104,-1.6094379425048828,-1.6094379425048828,-1.6094379425048828,0.24422912332295751,0.0,0.0,0.0,0.0,persistent_spread_only,4,0.2,19456
0.0,-0.5714983344078064,0.2,0.0,0.19999998807907104,0.19999998807907104,0.19999998807907104,-1.6094379425048828,-1.6094379425048828,-1.6094379425048828,0.20492407476333793,0.0,0.0,0.0,0.0,persistent_spread_only,4,0.2,20480
0.0,-2.65093994140625,0.1,0.0,0.09999999403953552,0.09999999403953552,0.09999999403953552,-2.3025851249694824,-2.3025851249694824,-2.3025851249694824,0.260450227715162,0.0,0.0,0.0,0.0,persistent_spread_only,0,0.1,1024
0.0,-2.65093994140625,0.1,0.0,0.09999999403953552,0.09999999403953552,0.09999999403953552,-2.3025851249694824,-2.3025851249694824,-2.3025851249694824,0.23666696347073976,0.0,0.0,0.0,0.0,persistent_spread_only,0,0.1,2048
0.0,-2.65093994140625,0.1,0.0,0.09999999403953552,0.09999999403953552,0.09999999403953552,-2.3025851249694824,-2.3025851249694824,-2.3025851249694824,0.3717615384623002,0.0,0.0,0.0,0.0,persistent_spread_only,0,0.1,3072
0.0,-2.65093994140625,0.1,0.0,0.09999999403953552,0.09999999403953552,0.09999999403953552,-2.3025851249694824,-2.3025851249694824,-2.3025851249694824,0.3669428247634694,0.0,0.0,0.0,0.0,persistent_spread_only,0,0.1,4096
0.0,-2.65093994140625,0.1,0.0,0.09999999403953552,0.09999999403953552,0.09999999403953552,-2.3025851249694824,-2.3025851249694824,-2.3025851249694824,0.47904604308780685,0.0,0.0,0.0,0.0,persistent_spread_only,0,0.1,5120
0.0,-2.65093994140625,0.1,0.0,0.09999999403953552,0.09999999403953552,0.09999999403953552,-2.3025851249694824,-2.3025851249694824,-2.3025851249694824,0.4574748283356003,0.0,0.0,0.0,0.0,persistent_spread_only,0,0.1,6144
0.0,-2.65093994140625,0.1,0.0,0.09999999403953552,0.09999999403953552,0.09999999403953552,-2.3025851249694824,-2.3025851249694824,-2.3025851249694824,0.5100975898665832,0.0,0.0,0.0,0.0,persistent_spread_only,0,0.1,7168
0.0,-2.65093994140625,0.1,0.0,0.09999999403953552,0.09999999403953552,0.09999999403953552,-2.3025851249694824,-2.3025851249694824,-2.3025851249694824,0.5102091434864683,0.0,0.0,0.0,0.0,persistent_spread_only,0,0.1,8192
0.0,-2.65093994140625,0.1,0.0,0.09999999403953552,0.09999999403953552,0.09999999403953552,-2.3025851249694824,-2.3025851249694824,-2.3025851249694824,0.45134030506498,0.0,0.0,0.0,0.0,persistent_spread_only,0,0.1,9216
0.0,-2.65093994140625,0.1,0.0,0.09999999403953552,0.09999999403953552,0.09999999403953552,-2.3025851249694824,-2.3025851249694824,-2.3025851249694824,0.4482578826911177,0.0,0.0,0.0,0.0,persistent_spread_only,0,0.1,10240
0.0,-2.65093994140625,0.1,0.0,0.09999999403953552,0.09999999403953552,0.09999999403953552,-2.3025851249694824,-2.3025851249694824,-2.3025851249694824,0.4197969937863748,0.0,0.0,0.0,0.0,persistent_spread_only,0,0.1,11264
0.0,-2.65093994140625,0.1,0.0,0.09999999403953552,0.09999999403953552,0.09999999403953552,-2.3025851249694824,-2.3025851249694824,-2.3025851249694824,0.4196604643379436,0.0,0.0,0.0,0.0,persistent_spread_only,0,0.1,12288
0.0,-2.65093994140625,0.1,0.0,0.09999999403953552,0.09999999403953552,0.09999999403953552,-2.3025851249694824,-2.3025851249694824,-2.3025851249694824,0.41327661646556607,0.0,0.0,0.0,0.0,persistent_spread_only,0,0.1,13312
0.0,-2.65093994140625,0.1,0.0,0.09999999403953552,0.09999999403953552,0.09999999403953552,-2.3025851249694824,-2.3025851249694824,-2.3025851249694824,0.4078030527836309,0.0,0.0,0.0,0.0,persistent_spread_only,0,0.1,14336
0.0,-2.65093994140625,0.1,0.0,0.09999999403953552,0.09999999403953552,0.09999999403953552,-2.3025851249694824,-2.3025851249694824,-2.3025851249694824,0.4357386587330184,0.0,0.0,0.0,0.0,persistent_spread_only,0,0.1,15360
0.0,-2.65093994140625,0.1,0.0,0.09999999403953552,0.09999999403953552,0.09999999403953552,-2.3025851249694824,-2.3025851249694824,-2.3025851249694824,0.41576056644880965,0.0,0.0,0.0,0.0,persistent_spread_only,0,0.1,16384
0.0,-2.65093994140625,0.1,0.0,0.09999999403953552,0.09999999403953552,0.09999999403953552,-2.3025851249694824,-2.3025851249694824,-2.3025851249694824,0.45881107948362915,0.0,0.0,0.0,0.0,persistent_spread_only,0,0.1,17408
0.0,-2.65093994140625,0.1,0.0,0.09999999403953552,0.09999999403953552,0.09999999403953552,-2.3025851249694824,-2.3025851249694824,-2.3025851249694824,0.48997235523123683,0.0,0.0,0.0,0.0,persistent_spread_only,0,0.1,18432
0.0,-2.65093994140625,0.1,0.0,0.09999999403953552,0.09999999403953552,0.09999999403953552,-2.3025851249694824,-2.3025851249694824,-2.3025851249694824,0.45211490820489353,0.0,0.0,0.0,0.0,persistent_spread_only,0,0.1,19456
0.0,-2.65093994140625,0.1,0.0,0.09999999403953552,0.09999999403953552,0.09999999403953552,-2.3025851249694824,-2.3025851249694824,-2.3025851249694824,0.41614263026592174,0.0,0.0,0.0,0.0,persistent_spread_only,0,0.1,20480
0.0,-2.65093994140625,0.1,0.0,0.09999999403953552,0.09999999403953552,0.09999999403953552,-2.3025851249694824,-2.3025851249694824,-2.3025851249694824,0.24534432325130462,0.0,0.0,0.0,0.0,persistent_spread_only,1,0.1,1024
0.0,-2.65093994140625,0.1,0.0,0.09999999403953552,0.09999999403953552,0.09999999403953552,-2.3025851249694824,-2.3025851249694824,-2.3025851249694824,0.40074660924351474,0.0,0.0,0.0,0.0,persistent_spread_only,1,0.1,2048
0.0,-2.65093994140625,0.1,0.0,0.09999999403953552,0.09999999403953552,0.09999999403953552,-2.3025851249694824,-2.3025851249694824,-2.3025851249694824,0.36446900963783263,0.0,0.0,0.0,0.0,persistent_spread_only,1,0.1,3072
0.0,-2.65093994140625,0.1,0.0,0.09999999403953552,0.09999999403953552,0.09999999403953552,-2.3025851249694824,-2.3025851249694824,-2.3025851249694824,0.3963617885294437,0.0,0.0,0.0,0.0,persistent_spread_only,1,0.1,4096
0.0,-2.65093994140625,0.1,0.0,0.09999999403953552,0.09999999403953552,0.09999999403953552,-2.3025851249694824,-2.3025851249694824,-2.3025851249694824,0.37549710771994216,0.0,0.0,0.0,0.0,persistent_spread_only,1,0.1,5120
0.0,-2.65093994140625,0.1,0.0,0.09999999403953552,0.09999999403953552,0.09999999403953552,-2.3025851249694824,-2.3025851249694824,-2.3025851249694824,0.5816678132528461,0.0,0.0,0.0,0.0,persistent_spread_only,1,0.1,6144
0.0,-2.65093994140625,0.1,0.0,0.09999999403953552,0.09999999403953552,0.09999999403953552,-2.3025851249694824,-2.3025851249694824,-2.3025851249694824,0.4631295354788019,0.0,0.0,0.0,0.0,persistent_spread_only,1,0.1,7168
0.0,-2.65093994140625,0.1,0.0,0.09999999403953552,0.09999999403953552,0.09999999403953552,-2.3025851249694824,-2.3025851249694824,-2.3025851249694824,0.30450239429146475,0.0,0.0,0.0,0.0,persistent_spread_only,1,0.1,8192
0.0,-2.65093994140625,0.1,0.0,0.09999999403953552,0.09999999403953552,0.09999999403953552,-2.3025851249694824,-2.3025851249694824,-2.3025851249694824,0.49852465234899795,0.0,0.0,0.0,0.0,persistent_spread_only,1,0.1,9216
0.0,-2.65093994140625,0.1,0.0,0.09999999403953552,0.09999999403953552,0.09999999403953552,-2.3025851249694824,-2.3025851249694824,-2.3025851249694824,0.43818418446121365,0.0,0.0,0.0,0.0,persistent_spread_only,1,0.1,10240
0.0,-2.65093994140625,0.1,0.0,0.09999999403953552,0.09999999403953552,0.09999999403953552,-2.3025851249694824,-2.3025851249694824,-2.3025851249694824,0.6147823537331456,0.0,0.0,0.0,0.0,persistent_spread_only,1,0.1,11264
0.0,-2.65093994140625,0.1,0.0,0.09999999403953552,0.09999999403953552,0.09999999403953552,-2.3025851249694824,-2.3025851249694824,-2.3025851249694824,0.45256963641263165,0.0,0.0,0.0,0.0,persistent_spread_only,1,0.1,12288
0.0,-2.65093994140625,0.1,0.0,0.09999999403953552,0.09999999403953552,0.09999999403953552,-2.3025851249694824,-2.3025851249694824,-2.3025851249694824,0.38807232238149364,0.0,0.0,0.0,0.0,persistent_spread_only,1,0.1,13312
0.0,-2.65093994140625,0.1,0.0,0.09999999403953552,0.09999999403953552,0.09999999403953552,-2.3025851249694824,-2.3025851249694824,-2.3025851249694824,0.4051240997797243,0.0,0.0,0.0,0.0,persistent_spread_only,1,0.1,14336
0.0,-2.65093994140625,0.1,0.0,0.09999999403953552,0.09999999403953552,0.09999999403953552,-2.3025851249694824,-2.3025851249694824,-2.3025851249694824,0.41216559958017285,0.0,0.0,0.0,0.0,persistent_spread_only,1,0.1,15360
0.0,-2.65093994140625,0.1,0.0,0.09999999403953552,0.09999999403953552,0.09999999403953552,-2.3025851249694824,-2.3025851249694824,-2.3025851249694824,0.5103155332026779,0.0,0.0,0.0,0.0,persistent_spread_only,1,0.1,16384
0.0,-2.65093994140625,0.1,0.0,0.09999999403953552,0.09999999403953552,0.09999999403953552,-2.3025851249694824,-2.3025851249694824,-2.3025851249694824,0.5147681829143901,0.0,0.0,0.0,0.0,persistent_spread_only,1,0.1,17408
0.0,-2.65093994140625,0.1,0.0,0.09999999403953552,0.09999999403953552,0.09999999403953552,-2.3025851249694824,-2.3025851249694824,-2.3025851249694824,0.4309585087532818,0.0,0.0,0.0,0.0,persistent_spread_only,1,0.1,18432
0.0,-2.65093994140625,0.1,0.0,0.09999999403953552,0.09999999403953552,0.09999999403953552,-2.3025851249694824,-2.3025851249694824,-2.3025851249694824,0.5240740386776424,0.0,0.0,0.0,0.0,persistent_spread_only,1,0.1,19456
0.0,-2.65093994140625,0.1,0.0,0.09999999403953552,0.09999999403953552,0.09999999403953552,-2.3025851249694824,-2.3025851249694824,-2.3025851249694824,0.5946755726397733,0.0,0.0,0.0,0.0,persistent_spread_only,1,0.1,20480
0.0,-2.65093994140625,0.1,0.0,0.09999999403953552,0.09999999403953552,0.09999999403953552,-2.3025851249694824,-2.3025851249694824,-2.3025851249694824,0.11060485003115042,0.0,0.0,0.0,0.0,persistent_spread_only,2,0.1,1024
0.0,-2.65093994140625,0.1,0.0,0.09999999403953552,0.09999999403953552,0.09999999403953552,-2.3025851249694824,-2.3025851249694824,-2.3025851249694824,0.43085347749727704,0.0,0.0,0.0,0.0,persistent_spread_only,2,0.1,2048
0.0,-2.65093994140625,0.1,0.0,0.09999999403953552,0.09999999403953552,0.09999999403953552,-2.3025851249694824,-2.3025851249694824,-2.3025851249694824,0.31082512913163074,0.0,0.0,0.0,0.0,persistent_spread_only,2,0.1,3072
0.0,-2.65093994140625,0.1,0.0,0.09999999403953552,0.09999999403953552,0.09999999403953552,-2.3025851249694824,-2.3025851249694824,-2.3025851249694824,0.4336526398876762,0.0,0.0,0.0,0.0,persistent_spread_only,2,0.1,4096
0.0,-2.65093994140625,0.1,0.0,0.09999999403953552,0.09999999403953552,0.09999999403953552,-2.3025851249694824,-2.3025851249694824,-2.3025851249694824,0.4245059214629011,0.0,0.0,0.0,0.0,persistent_spread_only,2,0.1,5120
0.0,-2.65093994140625,0.1,0.0,0.09999999403953552,0.09999999403953552,0.09999999403953552,-2.3025851249694824,-2.3025851249694824,-2.3025851249694824,0.44252460847298297,0.0,0.0,0.0,0.0,persistent_spread_only,2,0.1,6144
0.0,-2.65093994140625,0.1,0.0,0.09999999403953552,0.09999999403953552,0.09999999403953552,-2.3025851249694824,-2.3025851249694824,-2.3025851249694824,0.49377432217587136,0.0,0.0,0.0,0.0,persistent_spread_only,2,0.1,7168
0.0,-2.65093994140625,0.1,0.0,0.09999999403953552,0.09999999403953552,0.09999999403953552,-2.3025851249694824,-2.3025851249694824,-2.3025851249694824,0.37148167667801746,0.0,0.0,0.0,0.0,persistent_spread_only,2,0.1,8192
0.0,-2.65093994140625,0.1,0.0,0.09999999403953552,0.09999999403953552,0.09999999403953552,-2.3025851249694824,-2.3025851249694824,-2.3025851249694824,0.4297733664715569,0.0,0.0,0.0,0.0,persistent_spread_only,2,0.1,9216
0.0,-2.65093994140625,0.1,0.0,0.09999999403953552,0.09999999403953552,0.09999999403953552,-2.3025851249694824,-2.3025851249694824,-2.3025851249694824,0.4514942799676717,0.0,0.0,0.0,0.0,persistent_spread_only,2,0.1,10240
0.0,-2.65093994140625,0.1,0.0,0.09999999403953552,0.09999999403953552,0.09999999403953552,-2.3025851249694824,-2.3025851249694824,-2.3025851249694824,0.5690673584159556,0.0,0.0,0.0,0.0,persistent_spread_only,2,0.1,11264
0.0,-2.65093994140625,0.1,0.0,0.09999999403953552,0.09999999403953552,0.09999999403953552,-2.3025851249694824,-2.3025851249694824,-2.3025851249694824,0.5519611009924483,0.0,0.0,0.0,0.0,persistent_spread_only,2,0.1,12288
0.0,-2.65093994140625,0.1,0.0,0.09999999403953552,0.09999999403953552,0.09999999403953552,-2.3025851249694824,-2.3025851249694824,-2.3025851249694824,0.4680338924308579,0.0,0.0,0.0,0.0,persistent_spread_only,2,0.1,13312
0.0,-2.65093994140625,0.1,0.0,0.09999999403953552,0.09999999403953552,0.09999999403953552,-2.3025851249694824,-2.3025851249694824,-2.3025851249694824,0.5684201597384673,0.0,0.0,0.0,0.0,persistent_spread_only,2,0.1,14336
0.0,-2.65093994140625,0.1,0.0,0.09999999403953552,0.09999999403953552,0.09999999403953552,-2.3025851249694824,-2.3025851249694824,-2.3025851249694824,0.4546130443535426,0.0,0.0,0.0,0.0,persistent_spread_only,2,0.1,15360
0.0,-2.65093994140625,0.1,0.0,0.09999999403953552,0.09999999403953552,0.09999999403953552,-2.3025851249694824,-2.3025851249694824,-2.3025851249694824,0.5597381801843333,0.0,0.0,0.0,0.0,persistent_spread_only,2,0.1,16384
0.0,-2.65093994140625,0.1,0.0,0.09999999403953552,0.09999999403953552,0.09999999403953552,-2.3025851249694824,-2.3025851249694824,-2.3025851249694824,0.5145585780902905,0.0,0.0,0.0,0.0,persistent_spread_only,2,0.1,17408
0.0,-2.65093994140625,0.1,0.0,0.09999999403953552,0.09999999403953552,0.09999999403953552,-2.3025851249694824,-2.3025851249694824,-2.3025851249694824,0.508167566602564,0.0,0.0,0.0,0.0,persistent_spread_only,2,0.1,18432
0.0,-2.65093994140625,0.1,0.0,0.09999999403953552,0.09999999403953552,0.09999999403953552,-2.3025851249694824,-2.3025851249694824,-2.3025851249694824,0.5102340443381114,0.0,0.0,0.0,0.0,persistent_spread_only,2,0.1,19456
0.0,-2.65093994140625,0.1,0.0,0.09999999403953552,0.09999999403953552,0.09999999403953552,-2.3025851249694824,-2.3025851249694824,-2.3025851249694824,0.5170033836391804,0.0,0.0,0.0,0.0,persistent_spread_only,2,0.1,20480
0.0,-2.65093994140625,0.1,0.0,0.09999999403953552,0.09999999403953552,0.09999999403953552,-2.3025851249694824,-2.3025851249694824,-2.3025851249694824,0.12536627972346337,0.0,0.0,0.0,0.0,persistent_spread_only,3,0.1,1024
0.0,-2.65093994140625,0.1,0.0,0.09999999403953552,0.09999999403953552,0.09999999403953552,-2.3025851249694824,-2.3025851249694824,-2.3025851249694824,0.1950533721871413,0.0,0.0,0.0,0.0,persistent_spread_only,3,0.1,2048
0.0,-2.65093994140625,0.1,0.0,0.09999999403953552,0.09999999403953552,0.09999999403953552,-2.3025851249694824,-2.3025851249694824,-2.3025851249694824,0.3665841833578396,0.0,0.0,0.0,0.0,persistent_spread_only,3,0.1,3072
0.0,-2.65093994140625,0.1,0.0,0.09999999403953552,0.09999999403953552,0.09999999403953552,-2.3025851249694824,-2.3025851249694824,-2.3025851249694824,0.46695898229355326,0.0,0.0,0.0,0.0,persistent_spread_only,3,0.1,4096
0.0,-2.65093994140625,0.1,0.0,0.09999999403953552,0.09999999403953552,0.09999999403953552,-2.3025851249694824,-2.3025851249694824,-2.3025851249694824,0.422585772933866,0.0,0.0,0.0,0.0,persistent_spread_only,3,0.1,5120
0.0,-2.65093994140625,0.1,0.0,0.09999999403953552,0.09999999403953552,0.09999999403953552,-2.3025851249694824,-2.3025851249694824,-2.3025851249694824,0.38192474609567034,0.0,0.0,0.0,0.0,persistent_spread_only,3,0.1,6144
0.0,-2.65093994140625,0.1,0.0,0.09999999403953552,0.09999999403953552,0.09999999403953552,-2.3025851249694824,-2.3025851249694824,-2.3025851249694824,0.4696270032286954,0.0,0.0,0.0,0.0,persistent_spread_only,3,0.1,7168
0.0,-2.65093994140625,0.1,0.0,0.09999999403953552,0.09999999403953552,0.09999999403953552,-2.3025851249694824,-2.3025851249694824,-2.3025851249694824,0.4678663086411863,0.0,0.0,0.0,0.0,persistent_spread_only,3,0.1,8192
0.0,-2.65093994140625,0.1,0.0,0.09999999403953552,0.09999999403953552,0.09999999403953552,-2.3025851249694824,-2.3025851249694824,-2.3025851249694824,0.4807266571130192,0.0,0.0,0.0,0.0,persistent_spread_only,3,0.1,9216
0.0,-2.65093994140625,0.1,0.0,0.09999999403953552,0.09999999403953552,0.09999999403953552,-2.3025851249694824,-2.3025851249694824,-2.3025851249694824,0.514781267078045,0.0,0.0,0.0,0.0,persistent_spread_only,3,0.1,10240
0.0,-2.65093994140625,0.1,0.0,0.09999999403953552,0.09999999403953552,0.09999999403953552,-2.3025851249694824,-2.3025851249694824,-2.3025851249694824,0.5058533103597844,0.0,0.0,0.0,0.0,persistent_spread_only,3,0.1,11264
0.0,-2.65093994140625,0.1,0.0,0.09999999403953552,0.09999999403953552,0.09999999403953552,-2.3025851249694824,-2.3025851249694824,-2.3025851249694824,0.4315651817757023,0.0,0.0,0.0,0.0,persistent_spread_only,3,0.1,12288
0.0,-2.65093994140625,0.1,0.0,0.09999999403953552,0.09999999403953552,0.09999999403953552,-2.3025851249694824,-2.3025851249694824,-2.3025851249694824,0.5055818445468383,0.0,0.0,0.0,0.0,persistent_spread_only,3,0.1,13312
0.0,-2.65093994140625,0.1,0.0,0.09999999403953552,0.09999999403953552,0.09999999403953552,-2.3025851249694824,-2.3025851249694824,-2.3025851249694824,0.5021254439105011,0.0,0.0,0.0,0.0,persistent_spread_only,3,0.1,14336
0.0,-2.65093994140625,0.1,0.0,0.09999999403953552,0.09999999403953552,0.09999999403953552,-2.3025851249694824,-2.3025851249694824,-2.3025851249694824,0.4660994651426601,0.0,0.0,0.0,0.0,persistent_spread_only,3,0.1,15360
0.0,-2.65093994140625,0.1,0.0,0.09999999403953552,0.09999999403953552,0.09999999403953552,-2.3025851249694824,-2.3025851249694824,-2.3025851249694824,0.5382295953943339,0.0,0.0,0.0,0.0,persistent_spread_only,3,0.1,16384
0.0,-2.65093994140625,0.1,0.0,0.09999999403953552,0.09999999403953552,0.09999999403953552,-2.3025851249694824,-2.3025851249694824,-2.3025851249694824,0.49022097244433543,0.0,0.0,0.0,0.0,persistent_spread_only,3,0.1,17408
0.0,-2.65093994140625,0.1,0.0,0.09999999403953552,0.09999999403953552,0.09999999403953552,-2.3025851249694824,-2.3025851249694824,-2.3025851249694824,0.5103252996150622,0.0,0.0,0.0,0.0,persistent_spread_only,3,0.1,18432
0.0,-2.65093994140625,0.1,0.0,0.09999999403953552,0.09999999403953552,0.09999999403953552,-2.3025851249694824,-2.3025851249694824,-2.3025851249694824,0.6087707138836539,0.0,0.0,0.0,0.0,persistent_spread_only,3,0.1,19456
0.0,-2.65093994140625,0.1,0.0,0.09999999403953552,0.09999999403953552,0.09999999403953552,-2.3025851249694824,-2.3025851249694824,-2.3025851249694824,0.4089530344458174,0.0,0.0,0.0,0.0,persistent_spread_only,3,0.1,20480
0.0,-2.65093994140625,0.1,0.0,0.09999999403953552,0.09999999403953552,0.09999999403953552,-2.3025851249694824,-2.3025851249694824,-2.3025851249694824,0.14493241512292726,0.0,0.0,0.0,0.0,persistent_spread_only,4,0.1,1024
0.0,-2.65093994140625,0.1,0.0,0.09999999403953552,0.09999999403953552,0.09999999403953552,-2.3025851249694824,-2.3025851249694824,-2.3025851249694824,0.5610410060651417,0.0,0.0,0.0,0.0,persistent_spread_only,4,0.1,2048
0.0,-2.65093994140625,0.1,0.0,0.09999999403953552,0.09999999403953552,0.09999999403953552,-2.3025851249694824,-2.3025851249694824,-2.3025851249694824,0.3953747920199127,0.0,0.0,0.0,0.0,persistent_spread_only,4,0.1,3072
0.0,-2.65093994140625,0.1,0.0,0.09999999403953552,0.09999999403953552,0.09999999403953552,-2.3025851249694824,-2.3025851249694824,-2.3025851249694824,0.47953066850798615,0.0,0.0,0.0,0.0,persistent_spread_only,4,0.1,4096
0.0,-2.65093994140625,0.1,0.0,0.09999999403953552,0.09999999403953552,0.09999999403953552,-2.3025851249694824,-2.3025851249694824,-2.3025851249694824,0.49323861620421533,0.0,0.0,0.0,0.0,persistent_spread_only,4,0.1,5120
0.0,-2.65093994140625,0.1,0.0,0.09999999403953552,0.09999999403953552,0.09999999403953552,-2.3025851249694824,-2.3025851249694824,-2.3025851249694824,0.5358469740599974,0.0,0.0,0.0,0.0,persistent_spread_only,4,0.1,6144
0.0,-2.65093994140625,0.1,0.0,0.09999999403953552,0.09999999403953552,0.09999999403953552,-2.3025851249694824,-2.3025851249694824,-2.3025851249694824,0.5407303861230032,0.0,0.0,0.0,0.0,persistent_spread_only,4,0.1,7168
0.0,-2.65093994140625,0.1,0.0,0.09999999403953552,0.09999999403953552,0.09999999403953552,-2.3025851249694824,-2.3025851249694824,-2.3025851249694824,0.5755822274278264,0.0,0.0,0.0,0.0,persistent_spread_only,4,0.1,8192
0.0,-2.65093994140625,0.1,0.0,0.09999999403953552,0.09999999403953552,0.09999999403953552,-2.3025851249694824,-2.3025851249694824,-2.3025851249694824,0.48693661362164675,0.0,0.0,0.0,0.0,persistent_spread_only,4,0.1,9216
0.0,-2.65093994140625,0.1,0.0,0.09999999403953552,0.09999999403953552,0.09999999403953552,-2.3025851249694824,-2.3025851249694824,-2.3025851249694824,0.5848094543149809,0.0,0.0,0.0,0.0,persistent_spread_only,4,0.1,10240
0.0,-2.65093994140625,0.1,0.0,0.09999999403953552,0.09999999403953552,0.09999999403953552,-2.3025851249694824,-2.3025851249694824,-2.3025851249694824,0.5176379405097352,0.0,0.0,0.0,0.0,persistent_spread_only,4,0.1,11264
0.0,-2.65093994140625,0.1,0.0,0.09999999403953552,0.09999999403953552,0.09999999403953552,-2.3025851249694824,-2.3025851249694824,-2.3025851249694824,0.4095930059093755,0.0,0.0,0.0,0.0,persistent_spread_only,4,0.1,12288
0.0,-2.65093994140625,0.1,0.0,0.09999999403953552,0.09999999403953552,0.09999999403953552,-2.3025851249694824,-2.3025851249694824,-2.3025851249694824,0.450179229535636,0.0,0.0,0.0,0.0,persistent_spread_only,4,0.1,13312
0.0,-2.65093994140625,0.1,0.0,0.09999999403953552,0.09999999403953552,0.09999999403953552,-2.3025851249694824,-2.3025851249694824,-2.3025851249694824,0.4450947163653126,0.0,0.0,0.0,0.0,persistent_spread_only,4,0.1,14336
0.0,-2.65093994140625,0.1,0.0,0.09999999403953552,0.09999999403953552,0.09999999403953552,-2.3025851249694824,-2.3025851249694824,-2.3025851249694824,0.4918553934781661,0.0,0.0,0.0,0.0,persistent_spread_only,4,0.1,15360
0.0,-2.65093994140625,0.1,0.0,0.09999999403953552,0.09999999403953552,0.09999999403953552,-2.3025851249694824,-2.3025851249694824,-2.3025851249694824,0.47557017923986245,0.0,0.0,0.0,0.0,persistent_spread_only,4,0.1,16384
0.0,-2.65093994140625,0.1,0.0,0.09999999403953552,0.09999999403953552,0.09999999403953552,-2.3025851249694824,-2.3025851249694824,-2.3025851249694824,0.5154392500679781,0.0,0.0,0.0,0.0,persistent_spread_only,4,0.1,17408
0.0,-2.65093994140625,0.1,0.0,0.09999999403953552,0.09999999403953552,0.09999999403953552,-2.3025851249694824,-2.3025851249694824,-2.3025851249694824,0.4418918846080855,0.0,0.0,0.0,0.0,persistent_spread_only,4,0.1,18432
0.0,-2.65093994140625,0.1,0.0,0.09999999403953552,0.09999999403953552,0.09999999403953552,-2.3025851249694824,-2.3025851249694824,-2.3025851249694824,0.5301217226096552,0.0,0.0,0.0,0.0,persistent_spread_only,4,0.1,19456
0.0,-2.65093994140625,0.1,0.0,0.09999999403953552,0.09999999403953552,0.09999999403953552,-2.3025851249694824,-2.3025851249694824,-2.3025851249694824,0.3977130671129616,0.0,0.0,0.0,0.0,persistent_spread_only,4,0.1,20480
